{
  "base": {
    "pp": 83.09220510777104,
    "pp_std": 4.81558655977403,
    "tg": 60.83336013132991,
    "tg_std": 3.1428816568621025
  },
  "1x": {
    "pp": 82.37856651454943,
    "pp_std": 0.701597873653649,
    "tg": 53.03215729226128,
    "tg_std": 1.2795265400960623
  },
  "3x": {
    "pp": 74.43472617832886,
    "pp_std": 1.159839111662478,
    "tg": 41.86164439171754,
    "tg_std": 0.15810208284258823
  },
  "5x": {
    "pp": 69.75701414479748,
    "pp_std": 1.364212184940947,
    "tg": 33.76869162794937,
    "tg_std": 0.6229031873579399
  },
  "true_base": {
    "pp": 83.68907102839178,
    "pp_std": 3.8730792133511165,
    "tg": 63.85810969424147,
    "tg_std": 2.3427228017243014
  }
}