{
  "experiment": "np_lora_null_space_composition",
  "architecture": {
    "d_model": 256,
    "n_layers": 6,
    "n_heads": 4,
    "block_size": 32,
    "lora_rank": 8,
    "vocab_size": 27
  },
  "grassmannian_baseline": {
    "single_ppls": {
      "a_e": 1.5003509992413788,
      "f_j": 1.521988709874529,
      "k_o": 1.5099554354308597,
      "p_t": 1.5448628200065213,
      "u_z": 1.5422592438102425
    },
    "mean_single_ppl": 1.5238834416727063,
    "composed_ppls": {
      "a_e": 1.545285891132539,
      "f_j": 1.5649217214870674,
      "k_o": 1.5572083867391773,
      "p_t": 1.5653807190027182,
      "u_z": 1.5571790615306846
    },
    "mean_composed_ppl": 1.5579951559784373,
    "orthogonality": {
      "mean_cos": 2.540516561566619e-07,
      "max_cos": 7.461503628292121e-07,
      "all_cos": [
        5.940233194223765e-08,
        9.067626649539307e-08,
        1.5881016679486493e-07,
        2.2610636563058506e-07,
        1.1891802387253847e-07,
        7.461503628292121e-07,
        2.2871408589253406e-07,
        4.590432354234508e-07,
        2.8159558951301733e-07,
        1.7109999816966592e-07
      ]
    }
  },
  "np_lora_on_grassmannian": {
    "composed_ppls": {
      "a_e": 1.5452908948108577,
      "f_j": 1.5649393788476895,
      "k_o": 1.557208614140483,
      "p_t": 1.5653526534226363,
      "u_z": 1.557189777071404
    },
    "mean_composed_ppl": 1.5579962636586142,
    "orthogonality": {
      "mean_cos": 2.5443765139243624e-07,
      "max_cos": 7.439678029186325e-07,
      "all_cos": [
        5.8408982539503995e-08,
        9.475669315861524e-08,
        1.580886532792647e-07,
        2.2699244084378734e-07,
        1.185336131470649e-07,
        7.439678029186325e-07,
        2.3341544874710962e-07,
        4.582885537729453e-07,
        2.8132890861343185e-07,
        1.705952712427461e-07
      ]
    },
    "projection_time_s": 0.779238224029541,
    "mean_relative_change": 3.3650903787929565e-06
  },
  "random_a_comparison": {
    "single_ppls": {
      "a_e": 1.498178523516338,
      "f_j": 1.5317862769048471,
      "k_o": 1.509242072161456,
      "p_t": 1.5419703250598376,
      "u_z": 1.543045161502819
    },
    "mean_single_ppl": 1.5248444718290597,
    "a_matrix_mean_cos": 0.06564091145992279,
    "before_projection": {
      "composed_ppls": {
        "a_e": 1.5427861606431963,
        "f_j": 1.5694177150964648,
        "k_o": 1.556263167012336,
        "p_t": 1.5654812012639223,
        "u_z": 1.5636374265222253
      },
      "mean_composed_ppl": 1.559517134107629,
      "orthogonality": {
        "mean_cos": 0.0009337262017652392,
        "max_cos": 0.0024637237656861544,
        "all_cos": [
          0.0013957875780761242,
          0.0008424308616667986,
          0.00011506013106554747,
          0.0007593627087771893,
          0.0003778988611884415,
          0.0001572147011756897,
          0.0022944847587496042,
          0.00017842082888819277,
          0.0007528783171437681,
          0.0024637237656861544
        ]
      }
    },
    "after_projection": {
      "composed_ppls": {
        "a_e": 1.5432617976125047,
        "f_j": 1.5695770413052919,
        "k_o": 1.5566207975574906,
        "p_t": 1.5636119481652146,
        "u_z": 1.5643780623163905
      },
      "mean_composed_ppl": 1.5594899293913784,
      "orthogonality": {
        "mean_cos": 0.0009285669657401741,
        "max_cos": 0.0024755680933594704,
        "all_cos": [
          0.001387457363307476,
          0.0008452323381789029,
          0.00011485317372716963,
          0.0007404731586575508,
          0.00037285886355675757,
          0.0001446280803065747,
          0.0022911427076905966,
          0.00016077252803370357,
          0.0007526839035563171,
          0.0024755680933594704
        ]
      },
      "projection_time_s": 0.800818920135498
    }
  },
  "timing": {
    "projection_times": {
      "N50": 318.2582550048828,
      "N5": 0.7904951572418213,
      "N15": 12.291981935501099
    },
    "k2_pass": false,
    "n_layers": 37,
    "layer_shapes_summary": "6x6 + lm_head = 37"
  },
  "kill_criteria": {
    "K1_np_lora_not_worse_than_grassmannian": true,
    "K2_n50_under_1sec": false
  },
  "composition_ratios": {
    "grassmannian": 1.0223847266614354,
    "np_lora_grassmannian": 1.0223854535412915,
    "random_no_proj": 1.0227384909865458,
    "random_np_lora": 1.0227206500088244
  },
  "total_time_s": 453.5
}