{
  "experiment": "self_contrast_decoding",
  "description": "Self-contrast decoding: extract value from unchosen adapters",
  "model": "microsoft/BitNet-b1.58-2B-4T",
  "method": "SCMoE-style contrastive decoding adapted for LoRA adapters",
  "grounded_by": "SCMoE (2405.14507), Contrastive Decoding (2210.15097)",
  "type": "frontier-extension",
  "alpha_values_tested": [
    0.1,
    0.3,
    0.5,
    1.0
  ],
  "n_domains": 5,
  "n_prompts_per_domain": 10,
  "max_new_tokens": 128,
  "domain_scales": {
    "medical": 20.0,
    "code": 20.0,
    "math": 20.0,
    "legal": 4.0,
    "finance": 1.0
  },
  "baseline_scores": {
    "medical": 0.2907508527503626,
    "code": 0.6237023050049365,
    "math": 0.8,
    "legal": 0.09588173535787131,
    "finance": 0.15554618597039535
  },
  "eval_results": {
    "baseline": {
      "medical": 0.2907508527503626,
      "code": 0.6237023050049365,
      "math": 0.8,
      "legal": 0.09588173535787131,
      "finance": 0.15554618597039535
    },
    "alpha_0.1": {
      "medical": 0.27853497339586997,
      "code": 0.5533848446874763,
      "math": 0.8,
      "legal": 0.08792642729761574,
      "finance": 0.15463015543604422
    },
    "alpha_0.3": {
      "medical": 0.2882713303280233,
      "code": 0.478117889420521,
      "math": 0.4,
      "legal": 0.07884654909381725,
      "finance": 0.11780850380523226
    },
    "alpha_0.5": {
      "medical": 0.2293852063680341,
      "code": 0.28396796916533756,
      "math": 0.1,
      "legal": 0.07203979299298177,
      "finance": 0.1423314152812517
    },
    "alpha_1.0": {
      "medical": 0.20987317139237865,
      "code": 0.07061503189792663,
      "math": 0.0,
      "legal": 0.09787368596428828,
      "finance": 0.125249070537479
    }
  },
  "alpha_comparison": {
    "0.1": {
      "medical": {
        "baseline": 0.2907508527503626,
        "contrast": 0.27853497339586997,
        "diff": -0.012215879354492643,
        "pct_change": -4.201493904123178
      },
      "code": {
        "baseline": 0.6237023050049365,
        "contrast": 0.5533848446874763,
        "diff": -0.07031746031746022,
        "pct_change": -11.274202412464016
      },
      "math": {
        "baseline": 0.8,
        "contrast": 0.8,
        "diff": 0.0,
        "pct_change": 0.0
      },
      "legal": {
        "baseline": 0.09588173535787131,
        "contrast": 0.08792642729761574,
        "diff": -0.007955308060255573,
        "pct_change": -8.297000498127186
      },
      "finance": {
        "baseline": 0.15554618597039535,
        "contrast": 0.15463015543604422,
        "diff": -0.000916030534351131,
        "pct_change": -0.5889122440620154
      }
    },
    "0.3": {
      "medical": {
        "baseline": 0.2907508527503626,
        "contrast": 0.2882713303280233,
        "diff": -0.0024795224223392864,
        "pct_change": -0.8527997076824374
      },
      "code": {
        "baseline": 0.6237023050049365,
        "contrast": 0.478117889420521,
        "diff": -0.14558441558441548,
        "pct_change": -23.341971709285765
      },
      "math": {
        "baseline": 0.8,
        "contrast": 0.4,
        "diff": -0.4,
        "pct_change": -50.0
      },
      "legal": {
        "baseline": 0.09588173535787131,
        "contrast": 0.07884654909381725,
        "diff": -0.017035186264054064,
        "pct_change": -17.766873117670976
      },
      "finance": {
        "baseline": 0.15554618597039535,
        "contrast": 0.11780850380523226,
        "diff": -0.037737682165163086,
        "pct_change": -24.261399872797647
      }
    },
    "0.5": {
      "medical": {
        "baseline": 0.2907508527503626,
        "contrast": 0.2293852063680341,
        "diff": -0.0613656463823285,
        "pct_change": -21.105921376270828
      },
      "code": {
        "baseline": 0.6237023050049365,
        "contrast": 0.28396796916533756,
        "diff": -0.33973433583959894,
        "pct_change": -54.47059167705176
      },
      "math": {
        "baseline": 0.8,
        "contrast": 0.1,
        "diff": -0.7000000000000001,
        "pct_change": -87.5
      },
      "legal": {
        "baseline": 0.09588173535787131,
        "contrast": 0.07203979299298177,
        "diff": -0.02384194236488954,
        "pct_change": -24.86598962346822
      },
      "finance": {
        "baseline": 0.15554618597039535,
        "contrast": 0.1423314152812517,
        "diff": -0.013214770689143646,
        "pct_change": -8.49572145192861
      }
    },
    "1.0": {
      "medical": {
        "baseline": 0.2907508527503626,
        "contrast": 0.20987317139237865,
        "diff": -0.08087768135798395,
        "pct_change": -27.816833757466284
      },
      "code": {
        "baseline": 0.6237023050049365,
        "contrast": 0.07061503189792663,
        "diff": -0.5530872731070099,
        "pct_change": -88.67808707274736
      },
      "math": {
        "baseline": 0.8,
        "contrast": 0.0,
        "diff": -0.8,
        "pct_change": -100.0
      },
      "legal": {
        "baseline": 0.09588173535787131,
        "contrast": 0.09787368596428828,
        "diff": 0.0019919506064169645,
        "pct_change": 2.0775078788281833
      },
      "finance": {
        "baseline": 0.15554618597039535,
        "contrast": 0.125249070537479,
        "diff": -0.030297115432916355,
        "pct_change": -19.477890276707086
      }
    }
  },
  "k1_details": {
    "medical": {
      "baseline_score": 0.2907508527503626,
      "best_contrast_score": 0.2907508527503626,
      "best_alpha": null,
      "diff": 0.0,
      "direction": "equal"
    },
    "code": {
      "baseline_score": 0.6237023050049365,
      "best_contrast_score": 0.6237023050049365,
      "best_alpha": null,
      "diff": 0.0,
      "direction": "equal"
    },
    "math": {
      "baseline_score": 0.8,
      "best_contrast_score": 0.8,
      "best_alpha": null,
      "diff": 0.0,
      "direction": "equal"
    },
    "legal": {
      "baseline_score": 0.09588173535787131,
      "best_contrast_score": 0.09787368596428828,
      "best_alpha": 1.0,
      "diff": 0.0019919506064169645,
      "direction": "equal"
    },
    "finance": {
      "baseline_score": 0.15554618597039535,
      "best_contrast_score": 0.15554618597039535,
      "best_alpha": null,
      "diff": 0.0,
      "direction": "equal"
    }
  },
  "kill_criteria": {
    "K1_652": {
      "description": "Self-contrast worse than single-adapter on >=3/5 domains",
      "domains_worse": 0,
      "domains_better": 0,
      "domains_equal": 5,
      "threshold": 3,
      "result": "PASS"
    },
    "K2_653": {
      "description": "Latency overhead >3x single-adapter generation",
      "worst_ratio": 2.0173409849103545,
      "threshold": 3.0,
      "latency_details": {
        "0.1": {
          "avg_baseline_s": 5.620029745101928,
          "avg_contrast_s": 11.313319449424744,
          "ratio": 2.0130355109391966
        },
        "0.3": {
          "avg_baseline_s": 5.620029745101928,
          "avg_contrast_s": 11.337516341209412,
          "ratio": 2.0173409849103545
        },
        "0.5": {
          "avg_baseline_s": 5.620029745101928,
          "avg_contrast_s": 11.332560119628905,
          "ratio": 2.0164590996169847
        },
        "1.0": {
          "avg_baseline_s": 5.620029745101928,
          "avg_contrast_s": 11.01794288635254,
          "ratio": 1.960477681804994
        }
      },
      "result": "PASS"
    }
  },
  "predictions": {
    "P1_math_ge_0.80": {
      "predicted": ">= 0.80",
      "measured": 0.8,
      "match": true
    },
    "P2_code_ge_0.62": {
      "predicted": ">= 0.62",
      "measured": 0.5533848446874763,
      "match": false
    },
    "P3_finance_degrades": {
      "predicted": "< baseline",
      "measured": 0.15463015543604422,
      "baseline": 0.15554618597039535,
      "match": true
    },
    "P4_le_2_domains_worse": {
      "predicted": "<= 2 domains worse",
      "measured": 0,
      "match": true
    },