{
  "n_seeds": 5,
  "config": {
    "d": 64,
    "r": 8,
    "n_train": 1000,
    "n_eval": 500,
    "n_experts": 4,
    "steps": 500,
    "lr": 0.01
  },
  "regimes": {
    "synthetic": {
      "quality_uniform": {
        "mean": 0.025274922849636495,
        "std": 0.0024673556231198687,
        "ci95": 0.002162732560001252
      },
      "quality_synth_eval": {
        "mean": 0.033987831330290916,
        "std": 0.004365012025027339,
        "ci95": 0.003826101735341536
      },
      "quality_real_eval": {
        "mean": 0.024536868625378398,
        "std": 0.0017954760110042332,
        "ci95": 0.0015738041137296453
      },
      "effective_rank": {
        "mean": 62.70704239190955,
        "std": 0.07485133541270504,
        "ci95": 0.06561008828226272
      },
      "cos_sim": {
        "mean": 0.10644430163676288,
        "std": 0.02066848790154317,
        "ci95": 0.018116728424473143
      },
      "angle_deg": {
        "mean": 0.7494042673263286,
        "std": 0.12148687511412175,
        "ci95": 0.10648794116264786
      },
      "contamination": {
        "expected_overlap": 100.0,
        "p_any": 1.0,
        "boost_pct": 18.29
      }
    },
    "real": {
      "quality_uniform": {
        "mean": 0.06025587757073103,
        "std": 0.008070523931214704,
        "ci95": 0.007074126128700086
      },
      "quality_synth_eval": {
        "mean": 0.05799556148358981,
        "std": 0.010496496966219057,
        "ci95": 0.00920058525089776
      },
      "quality_real_eval": {
        "mean": 0.058846987284692544,
        "std": 0.005574214943895731,
        "ci95": 0.0048860148260124435
      },
      "effective_rank": {
        "mean": 63.456469383715046,
        "std": 0.005518285661728487,
        "ci95": 0.004836990648683824
      },
      "cos_sim": {
        "mean": 0.10960326353904795,
        "std": 0.00988550159201217,
        "ci95": 0.008665024192157268
      },
      "angle_deg": {
        "mean": 2.2241277945757085,
        "std": 0.1165558939290884,
        "ci95": 0.10216574558544911
      },
      "contamination": {
        "expected_overlap": 20.0,
        "p_any": 1.0,
        "boost_pct": 3.66
      }
    }
  },
  "mixing_sweep": {
    "0.0": {
      "ratio": 0.0,
      "q_uniform": {
        "mean": 0.0581321146270344,
        "std": 0.010565868333812073
      },
      "q_synth": {
        "mean": 0.05632545018188258,
        "std": 0.01575760457581126
      },
      "q_real": {
        "mean": 0.054407454878325545,
        "std": 0.006205086396496303
      },
      "eff_rank": {
        "mean": 63.46449578558024,
        "std": 0.019828333967436242
      },
      "contamination": {
        "expected_overlap": 20.0,
        "p_any": 1.0,
        "boost_pct": 3.66
      }
    },
    "0.1": {
      "ratio": 0.1,
      "q_uniform": {
        "mean": 0.06479865363786937,
        "std": 0.006645766962281945
      },
      "q_synth": {
        "mean": 0.06784553396392781,
        "std": 0.011852968178518495
      },
      "q_real": {
        "mean": 0.06450451268966759,
        "std": 0.007235675132064331
      },
      "eff_rank": {
        "mean": 63.402147395796774,
        "std": 0.021685326028591606
      },
      "contamination": {
        "expected_overlap": 28.0,
        "p_any": 1.0,
        "boost_pct": 5.12
      }
    },
    "0.2": {
      "ratio": 0.2,
      "q_uniform": {
        "mean": 0.06703330241074068,
        "std": 0.017723982660616682
      },
      "q_synth": {
        "mean": 0.06957480509324634,
        "std": 0.022216307484960698
      },
      "q_real": {
        "mean": 0.06536549763499766,
        "std": 0.0160758443808844
      },
      "eff_rank": {
        "mean": 63.37179695278589,
        "std": 0.021053597207978624
      },
      "contamination": {
        "expected_overlap": 36.0,
        "p_any": 1.0,
        "boost_pct": 6.59
      }
    },
    "0.3": {
      "ratio": 0.3,
      "q_uniform": {
        "mean": 0.05756340589869398,
        "std": 0.018318783102414412
      },
      "q_synth": {
        "mean": 0.06780277408628152,
        "std": 0.012631996880539925
      },
      "q_real": {
        "mean": 0.0628259863299399,
        "std": 0.017204760241956364
      },
      "eff_rank": {
        "mean": 63.31483072340823,
        "std": 0.009091705729714362
      },
      "contamination": {
        "expected_overlap": 44.0,
        "p_any": 1.0,
        "boost_pct": 8.05
      }
    },
    "0.4": {
      "ratio": 0.4,
      "q_uniform": {
        "mean": 0.05707626939091868,
        "std": 0.010664375170281022
      },
      "q_synth": {
        "mean": 0.048122907479411524,
        "std": 0.007916117765390172
      },
      "q_real": {
        "mean": 0.055071875771923205,
        "std": 0.011327819233421361
      },
      "eff_rank": {
        "mean": 63.22233573614115,
        "std": 0.01619810317124716
      },
      "contamination": {
        "expected_overlap": 52.0,
        "p_any": 1.0,
        "boost_pct": 9.51
      }
    },
    "0.5": {
      "ratio": 0.5,
      "q_uniform": {
        "mean": 0.054503793436831025,
        "std": 0.008936711194339125
      },
      "q_synth": {
        "mean": 0.060402347164281035,
        "std": 0.014081681403263522
      },
      "q_real": {
        "mean": 0.04944418698020943,
        "std": 0.016282940966316984
      },
      "eff_rank": {
        "mean": 63.1100054460134,
        "std": 0.016827672554740207
      },
      "contamination": {
        "expected_overlap": 60.0,
        "p_any": 1.0,
        "boost_pct": 10.98
      }
    },
    "0.6": {
      "ratio": 0.6,
      "q_uniform": {
        "mean": 0.04321785709409702,
        "std": 0.006033229457309535
      },
      "q_synth": {
        "mean": 0.04861246242551205,
        "std": 0.002099160139433129
      },
      "q_real": {
        "mean": 0.041982869930572965,
        "std": 0.0054505643215563065
      },
      "eff_rank": {
        "mean": 63.00602958733325,
        "std": 0.034820783204047294
      },
      "contamination": {
        "expected_overlap": 68.0,
        "p_any": 1.0,
        "boost_pct": 12.44
      }
    },
    "0.7": {
      "ratio": 0.7,
      "q_uniform": {
        "mean": 0.044165734031404516,
        "std": 0.005144889995624013
      },
      "q_synth": {
        "mean": 0.04223872626334115,
        "std": 0.0065663627783155865
      },
      "q_real": {
        "mean": 0.04453550018277848,
        "std": 0.002674403732663569
      },
      "eff_rank": {
        "mean": 62.84018750606502,
        "std": 0.037098804205322744
      },
      "contamination": {
        "expected_overlap": 76.0,
        "p_any": 1.0,
        "boost_pct": 13.9
      }
    },
    "0.8": {
      "ratio": 0.8,
      "q_uniform": {
        "mean": 0.04131936939608825,
        "std": 0.012823291933337195
      },
      "q_synth": {
        "mean": 0.053560156172686835,
        "std": 0.013561111673499283
      },
      "q_real": {
        "mean": 0.0465112851127383,
        "std": 0.0100296214894336
      },
      "eff_rank": {
        "mean": 62.66094243406998,
        "std": 0.07705397123119545
      },
      "contamination": {
        "expected_overlap": 84.0,
        "p_any": 1.0,
        "boost_pct": 15.37
      }
    },
    "0.9": {
      "ratio": 0.9,
      "q_uniform": {
        "mean": 0.03191272589547449,
        "std": 0.004991648178133784
      },
      "q_synth": {
        "mean": 0.03859511944441696,
        "std": 0.009216201072773877
      },
      "q_real": {
        "mean": 0.033520826397077985,
        "std": 0.0036376523234136894
      },
      "eff_rank": {
        "mean": 62.514989193166095,
        "std": 0.08565943069694709
      },
      "contamination": {
        "expected_overlap": 92.0,
        "p_any": 1.0,
        "boost_pct": 16.83
      }
    },
    "1.0": {
      "ratio": 1.0,
      "q_uniform": {
        "mean": 0.023786795777643466,
        "std": 0.004295168230611355
      },
      "q_synth": {
        "mean": 0.03561548368999605,