{
  "config": {
    "d_values": [
      64,
      128,
      256
    ],
    "n_per_d": {
      "64": 12,
      "128": 20,
      "256": 40
    },
    "rank": 8,
    "seeds": [
      42,
      137
    ],
    "n_iter_base": 500,
    "n_iter_long": 2000
  },
  "per_dimension": {
    "64": {
      "d": 64,
      "N": 12,
      "welch_bound": 0.21320071635561044,
      "tightness": {
        "welch_bound": 0.21320071635561044,
        "packing_ratio": 1.5,
        "max_equiangular_estimate": 42.13333333333333,
        "N_over_max_equiangular": 0.2848101265822785,
        "etf_possibly_exists": true
      },
      "per_seed": {
        "seed_42": {
          "std_ap_500": {
            "max_coh": 0.6030227541923523,
            "mean_coh": 0.6030226882660028,
            "time_s": 1.1015942096710205,
            "n_iter": 500,
            "ratio_to_welch_max": 2.8284274297959393,
            "ratio_to_welch_mean": 2.8284271205739504
          },
          "std_ap_2000": {
            "max_coh": 0.6030227541923523,
            "mean_coh": 0.6030226846536001,
            "time_s": 4.386756896972656,
            "n_iter": 2000,
            "ratio_to_welch_max": 2.8284274297959393,
            "ratio_to_welch_mean": 2.82842710363028
          },
          "taap_schedule": {
            "max_coh": 0.6030227541923523,
            "mean_coh": 0.603022679234996,
            "time_s": 1.112483024597168,
            "n_iter": 500,
            "ratio_to_welch_max": 2.8284274297959393,
            "ratio_to_welch_mean": 2.828427078214774
          },
          "taap_momentum": {
            "max_coh": 0.6030227541923523,
            "mean_coh": 0.6030226855567007,
            "time_s": 1.110055923461914,
            "n_iter": 500,
            "ratio_to_welch_max": 2.8284274297959393,
            "ratio_to_welch_mean": 2.8284271078661973
          },
          "taap_selective": {
            "max_coh": 0.9344332218170166,
            "mean_coh": 0.5976139948223577,
            "time_s": 1.1863958835601807,
            "n_iter": 500,
            "ratio_to_welch_max": 4.382880310113117,
            "ratio_to_welch_mean": 2.8030580996058236
          }
        },
        "seed_137": {
          "std_ap_500": {
            "max_coh": 0.6030227541923523,
            "mean_coh": 0.6030226873629021,
            "time_s": 1.1008000373840332,
            "n_iter": 500,
            "ratio_to_welch_max": 2.8284274297959393,
            "ratio_to_welch_mean": 2.8284271163380326
          },
          "std_ap_2000": {
            "max_coh": 0.6030227541923523,
            "mean_coh": 0.6030226900722041,
            "time_s": 4.376175165176392,
            "n_iter": 2000,
            "ratio_to_welch_max": 2.8284274297959393,
            "ratio_to_welch_mean": 2.8284271290457856
          },
          "taap_schedule": {
            "max_coh": 0.6030227541923523,
            "mean_coh": 0.6030226873629021,
            "time_s": 1.1017811298370361,
            "n_iter": 500,
            "ratio_to_welch_max": 2.8284274297959393,
            "ratio_to_welch_mean": 2.8284271163380326
          },
          "taap_momentum": {
            "max_coh": 0.6030227541923523,
            "mean_coh": 0.6030226747194926,
            "time_s": 1.1085269451141357,
            "n_iter": 500,
            "ratio_to_welch_max": 2.8284274297959393,
            "ratio_to_welch_mean": 2.8284270570351855
          },
          "taap_selective": {
            "max_coh": 0.8849018812179565,
            "mean_coh": 0.5960692104065057,
            "time_s": 1.1860480308532715,
            "n_iter": 500,
            "ratio_to_welch_max": 4.150557729562104,
            "ratio_to_welch_mean": 2.7958124184361823
          }
        }
      }
    },
    "128": {
      "d": 128,
      "N": 20,
      "welch_bound": 0.11470786693528089,
      "tightness": {
        "welch_bound": 0.11470786693528089,
        "packing_ratio": 1.25,
        "max_equiangular_estimate": 152.53333333333333,
        "N_over_max_equiangular": 0.13111888111888112,
        "etf_possibly_exists": true
      },
      "per_seed": {
        "seed_42": {
          "std_ap_500": {
            "max_coh": 0.32444292306900024,
            "mean_coh": 0.32444284291643843,
            "time_s": 2.7863709926605225,
            "n_iter": 500,
            "ratio_to_welch_max": 2.8284278292094265,
            "ratio_to_welch_mean": 2.828427130455592
          },
          "std_ap_2000": {
            "max_coh": 0.32444292306900024,
            "mean_coh": 0.32444284009306057,
            "time_s": 11.123399019241333,
            "n_iter": 2000,
            "ratio_to_welch_max": 2.8284278292094265,
            "ratio_to_welch_mean": 2.828427105841955
          },
          "taap_schedule": {
            "max_coh": 0.32444292306900024,
            "mean_coh": 0.3244428437007101,
            "time_s": 2.826314926147461,
            "n_iter": 500,
            "ratio_to_welch_max": 2.8284278292094265,
            "ratio_to_welch_mean": 2.828427137292714
          },
          "taap_momentum": {
            "max_coh": 0.32444292306900024,
            "mean_coh": 0.3244428397793519,
            "time_s": 2.8351969718933105,
            "n_iter": 500,
            "ratio_to_welch_max": 2.8284278292094265,
            "ratio_to_welch_mean": 2.828427103107106
          },
          "taap_selective": {
            "max_coh": 0.49938902258872986,
            "mean_coh": 0.32169810564894424,
            "time_s": 3.006960868835449,
            "n_iter": 500,
            "ratio_to_welch_max": 4.353572565955648,
            "ratio_to_welch_mean": 2.804499065704438
          }
        },
        "seed_137": {
          "std_ap_500": {
            "max_coh": 0.32444292306900024,
            "mean_coh": 0.3244428415047495,
            "time_s": 2.769421100616455,
            "n_iter": 500,
            "ratio_to_welch_max": 2.8284278292094265,
            "ratio_to_welch_mean": 2.8284271181487735
          },
          "std_ap_2000": {
            "max_coh": 0.32444292306900024,
            "mean_coh": 0.32444284072047785,
            "time_s": 11.246499061584473,
            "n_iter": 2000,
            "ratio_to_welch_max": 2.8284278292094265,
            "ratio_to_welch_mean": 2.828427111311652
          },
          "taap_schedule": {
            "max_coh": 0.32444292306900024,
            "mean_coh": 0.32444283946564323,
            "time_s": 2.8027729988098145,
            "n_iter": 500,
            "ratio_to_welch_max": 2.8284278292094265,
            "ratio_to_welch_mean": 2.828427100372257
          },
          "taap_momentum": {
            "max_coh": 0.32444292306900024,
            "mean_coh": 0.32444284119104083,
            "time_s": 2.805333137512207,
            "n_iter": 500,
            "ratio_to_welch_max": 2.8284278292094265,
            "ratio_to_welch_mean": 2.8284271154139247
          },
          "taap_selective": {
            "max_coh": 0.49829453229904175,
            "mean_coh": 0.3210692166497833,
            "time_s": 2.9998841285705566,
            "n_iter": 500,
            "ratio_to_welch_max": 4.344031020820774,
            "ratio_to_welch_mean": 2.799016538516344
          }
        }
      }
    },
    "256": {
      "d": 256,
      "N": 40,
      "welch_bound": 0.08006407690254357,
      "tightness": {
        "welch_bound": 0.08006407690254357,
        "packing_ratio": 1.25,
        "max_equiangular_estimate": 578.1333333333333,
        "N_over_max_equiangular": 0.06918819188191883,
        "etf_possibly_exists": true
      },
      "per_seed": {
        "seed_42": {
          "std_ap_500": {
            "max_coh": 0.2264554798603058,
            "mean_coh": 0.22645540787623478,
            "time_s": 14.86624789237976,
            "n_iter": 500,
            "ratio_to_welch_max": 2.828428036907917,
            "ratio_to_welch_mean": 2.828427137827158
          },
          "std_ap_2000": {
            "max_coh": 0.22645549476146698,