{
  "seed": 7,
  "config": {
    "n_embd": 64,
    "n_head": 4,
    "n_layer": 4,
    "block_size": 32,
    "lora_rank": 8,
    "lora_alpha": 1.0,
    "pretrain_steps": 1000,
    "expert_train_steps": 300,
    "n_experts": 4,
    "seed_A": 7,
    "seed_B": 1007
  },
  "model_A_val_loss": 0.502906110882759,
  "model_B_val_loss": 0.5107043564319611,
  "native_A_expert_losses": [
    0.4271810382604599,
    0.4198255181312561,
    0.4238371431827545,
    0.43914084136486053
  ],
  "native_B_expert_losses": [
    0.42685720324516296,
    0.4183498442173004,
    0.4236243456602097,
    0.4363438129425049
  ],
  "naive_transfer": {
    "method": "Naive (no alignment)",
    "expert_losses": [
      0.47189249396324157,
      0.5034426629543305,
      0.48612564504146577,
      0.5043214350938797
    ],
    "mean_expert_loss": 0.4914455592632294,
    "native_expert_losses": [
      0.42685720324516296,
      0.4183498442173004,
      0.4236243456602097,
      0.4363438129425049
    ],
    "mean_native_loss": 0.4262938015162945,
    "loss_ratios": [
      1.1055043475302615,
      1.2034011005669876,
      1.147539441536821,
      1.1557891280543404
    ],
    "mean_loss_ratio": 1.1530585044221027,
    "alignment_errors": [],
    "mean_alignment_error": 0,
    "k1_violated": false,
    "k2_violated": false
  },
  "procrustes_weight": {
    "method": "Procrustes (per-weight)",
    "expert_losses": [
      0.4733574718236923,
      0.5033135622739792,
      0.4860851734876633,
      0.5045711308717727
    ],
    "mean_expert_loss": 0.4918318346142769,
    "native_expert_losses": [
      0.42685720324516296,
      0.4183498442173004,
      0.4236243456602097,
      0.4363438129425049
    ],
    "mean_native_loss": 0.4262938015162945,
    "loss_ratios": [
      1.1089363567579607,
      1.2030925055426662,
      1.147443905115893,
      1.1563613735416973
    ],
    "mean_loss_ratio": 1.1539585352395543,
    "alignment_errors": [
      0.533717691898346,
      1.1167970895767212,
      0.543543815612793,
      1.1158790588378906,
      0.5178602933883667,
      1.1035348176956177,
      0.5318154096603394,
      1.1167799234390259
    ],
    "mean_alignment_error": 0.8224909901618958,
    "k1_violated": false,
    "k2_violated": true
  },
  "procrustes_activation": {
    "method": "Procrustes (activation)",
    "expert_losses": [
      0.4629062354564667,
      0.49021918773651124,
      0.47644357681274413,
      0.48248260021209716
    ],
    "mean_expert_loss": 0.4780129000544548,
    "native_expert_losses": [
      0.42685720324516296,
      0.4183498442173004,
      0.4236243456602097,
      0.4363438129425049
    ],
    "mean_native_loss": 0.4262938015162945,
    "loss_ratios": [
      1.084452205412391,
      1.1717924471861605,
      1.1246841256705682,
      1.1057395244299386
    ],
    "mean_loss_ratio": 1.1216670756747646,
    "alignment_errors": [
      0.2758168578147888,
      0.22503311932086945,
      0.23161135613918304,
      0.24563340842723846
    ],
    "mean_alignment_error": 0.24452368915081024,
    "k1_violated": false,
    "k2_violated": true
  },
  "pretrain_time": 43.48656463623047,
  "expert_train_time": 49.2824182510376,
  "alignment_time": 0.1998450756072998,
  "eval_time": 0.9598569869995117,
  "verdict": "KILLED (K2: alignment error >5% for both methods)"
}