{
  "seed": 123,
  "config": {
    "n_embd": 64,
    "n_head": 4,
    "n_layer": 4,
    "block_size": 32,
    "lora_rank": 8,
    "lora_alpha": 1.0,
    "pretrain_steps": 1000,
    "expert_train_steps": 300,
    "n_experts": 4,
    "seed_A": 123,
    "seed_B": 1123
  },
  "model_A_val_loss": 0.5053524821996689,
  "model_B_val_loss": 0.5096697777509689,
  "native_A_expert_losses": [
    0.4462825685739517,
    0.42298380434513094,
    0.4226411670446396,
    0.44412645101547243
  ],
  "native_B_expert_losses": [
    0.4447759538888931,
    0.42539229691028596,
    0.41843908131122587,
    0.44223634004592893
  ],
  "naive_transfer": {
    "method": "Naive (no alignment)",
    "expert_losses": [
      0.4981710821390152,
      0.5028774231672287,
      0.48061990439891816,
      0.5186609655618668
    ],
    "mean_expert_loss": 0.5000823438167572,
    "native_expert_losses": [
      0.4447759538888931,
      0.42539229691028596,
      0.41843908131122587,
      0.44223634004592893
    ],
    "mean_native_loss": 0.43271091803908346,
    "loss_ratios": [
      1.1200494940927952,
      1.1821498104656607,
      1.148601853564187,
      1.1728139878935049
    ],
    "mean_loss_ratio": 1.155903786504037,
    "alignment_errors": [],
    "mean_alignment_error": 0,
    "k1_violated": false,
    "k2_violated": false
  },
  "procrustes_weight": {
    "method": "Procrustes (per-weight)",
    "expert_losses": [
      0.49793260395526884,
      0.5029777526855469,
      0.4796971261501312,
      0.5163791060447693
    ],
    "mean_expert_loss": 0.4992466472089291,
    "native_expert_losses": [
      0.4447759538888931,
      0.42539229691028596,
      0.41843908131122587,
      0.44223634004592893
    ],
    "mean_native_loss": 0.43271091803908346,
    "loss_ratios": [
      1.1195133181110213,
      1.1823856622172007,
      1.1463965666060636,
      1.1676541687867004
    ],
    "mean_loss_ratio": 1.1539874289302465,
    "alignment_errors": [
      0.544602632522583,
      1.164626121520996,
      0.5326877236366272,
      1.1299268007278442,
      0.5261529088020325,
      1.1078861951828003,
      0.5368195176124573,
      1.0982880592346191
    ],
    "mean_alignment_error": 0.8301237225532532,
    "k1_violated": false,
    "k2_violated": true
  },
  "procrustes_activation": {
    "method": "Procrustes (activation)",
    "expert_losses": [
      0.48210560381412504,
      0.5095706820487976,
      0.48817717730998994,
      0.49670460224151614
    ],
    "mean_expert_loss": 0.4941395163536072,
    "native_expert_losses": [
      0.4447759538888931,
      0.42539229691028596,
      0.41843908131122587,
      0.44223634004592893
    ],
    "mean_native_loss": 0.43271091803908346,
    "loss_ratios": [
      1.0839291099209762,
      1.1978841313035502,
      1.166662482335697,
      1.123165505098037
    ],
    "mean_loss_ratio": 1.142910307164565,
    "alignment_errors": [
      0.22147484123706818,
      0.23480886220932007,
      0.24195560812950134,
      0.2585242986679077
    ],
    "mean_alignment_error": 0.23919090628623962,
    "k1_violated": false,
    "k2_violated": true
  },
  "pretrain_time": 43.59258008003235,
  "expert_train_time": 49.00261402130127,
  "alignment_time": 0.19741392135620117,
  "eval_time": 0.9483201503753662,
  "verdict": "KILLED (K2: alignment error >5% for both methods)"
}