{
  "seed": 42,
  "config": {
    "n_embd": 64,
    "n_head": 4,
    "n_layer": 4,
    "block_size": 32,
    "lora_rank": 8,
    "lora_alpha": 1.0,
    "pretrain_steps": 1000,
    "expert_train_steps": 300,
    "n_experts": 4,
    "seed_A": 42,
    "seed_B": 1042
  },
  "model_A_val_loss": 0.491444057226181,
  "model_B_val_loss": 0.49618552923202514,
  "native_A_expert_losses": [
    0.4412295460700989,
    0.42253602743148805,
    0.42555250227451324,
    0.4278537601232529
  ],
  "native_B_expert_losses": [
    0.43669153153896334,
    0.4211293488740921,
    0.428768128156662,
    0.42954383194446566
  ],
  "naive_transfer": {
    "method": "Naive (no alignment)",
    "expert_losses": [
      0.48962371051311493,
      0.5005338162183761,
      0.48222824931144714,
      0.4998046517372131
    ],
    "mean_expert_loss": 0.4930476069450378,
    "native_expert_losses": [
      0.43669153153896334,
      0.4211293488740921,
      0.428768128156662,
      0.42954383194446566
    ],
    "mean_native_loss": 0.4290332101285458,
    "loss_ratios": [
      1.1212118283734283,
      1.188551255226896,
      1.124683057445276,
      1.1635707803637318
    ],
    "mean_loss_ratio": 1.149504230352333,
    "alignment_errors": [],
    "mean_alignment_error": 0,
    "k1_violated": false,
    "k2_violated": false
  },
  "procrustes_weight": {
    "method": "Procrustes (per-weight)",
    "expert_losses": [
      0.48627379536628723,
      0.4957447797060013,
      0.48322745263576505,
      0.500573605298996
    ],
    "mean_expert_loss": 0.4914549082517624,
    "native_expert_losses": [
      0.43669153153896334,
      0.4211293488740921,
      0.428768128156662,
      0.42954383194446566
    ],
    "mean_native_loss": 0.4290332101285458,
    "loss_ratios": [
      1.1135407037811689,
      1.177179365509005,
      1.1270134622927894,
      1.1653609435661696
    ],
    "mean_loss_ratio": 1.1457736187872833,
    "alignment_errors": [
      0.5323973894119263,
      1.1067944765090942,
      0.4955102205276489,
      1.1059969663619995,
      0.5072305798530579,
      1.083516001701355,
      0.5417497158050537,
      1.1114823818206787
    ],
    "mean_alignment_error": 0.8105847835540771,
    "k1_violated": false,
    "k2_violated": true
  },
  "procrustes_activation": {
    "method": "Procrustes (activation)",
    "expert_losses": [
      0.4793926954269409,
      0.5038065880537033,
      0.47644543945789336,
      0.4870815217494965
    ],
    "mean_expert_loss": 0.4866815611720085,
    "native_expert_losses": [
      0.43669153153896334,
      0.4211293488740921,
      0.428768128156662,
      0.42954383194446566
    ],
    "mean_native_loss": 0.4290332101285458,
    "loss_ratios": [
      1.0977833569073228,
      1.1963226723557883,
      1.1111960245391654,
      1.1339506833177755
    ],
    "mean_loss_ratio": 1.1348131842800129,
    "alignment_errors": [
      0.425004243850708,
      0.2491784393787384,
      0.24329328536987305,
      0.2574603259563446
    ],
    "mean_alignment_error": 0.293734073638916,
    "k1_violated": false,
    "k2_violated": true
  },
  "pretrain_time": 44.18693709373474,
  "expert_train_time": 50.24312782287598,
  "alignment_time": 0.20552802085876465,
  "eval_time": 0.9695949554443359,
  "verdict": "KILLED (K2: alignment error >5% for both methods)"
}