{
  "config": {
    "d_model": 128,
    "n_heads": 4,
    "n_layers": 4,
    "vocab_size": 256,
    "seq_len": 32,
    "batch_size": 1,
    "lora_rank": 8,
    "warmup_iters": 100,
    "timed_iters": 500,
    "mlx_version": "0.31.1",
    "n_base_params": 853120,
    "n_lora_params_per_adapter": 73728
  },
  "results": {
    "base": {
      "mean_ms": 0.7057203097938327,
      "std_ms": 0.05746418433009673,
      "median_ms": 0.6922499960637651,
      "p95_ms": 0.7576253003207963,
      "min_ms": 0.669291999656707,
      "tokens_per_sec": 45343.74249389025
    },
    "pre_merge": {
      "N=1": {
        "mean_ms": 0.7008592859929195,
        "std_ms": 0.05223423110278084,
        "median_ms": 0.6880414985062089,
        "p95_ms": 0.7358274036960211,
        "min_ms": 0.6624999950872734,
        "tokens_per_sec": 45658.23787961238,
        "overhead_pct": -0.6888031608915055
      },
      "N=2": {
        "mean_ms": 0.700990586206899,
        "std_ms": 0.05761989052937196,
        "median_ms": 0.6868954988021869,
        "p95_ms": 0.7338434530538507,
        "min_ms": 0.6649580027442425,
        "tokens_per_sec": 45649.68578701444,
        "overhead_pct": -0.67019802622875
      },
      "N=4": {
        "mean_ms": 0.7010152959264815,
        "std_ms": 0.057786956080590854,
        "median_ms": 0.6871249970572535,
        "p95_ms": 0.7332184486585902,
        "min_ms": 0.662958002067171,
        "tokens_per_sec": 45648.07670524208,
        "overhead_pct": -0.6666966788479897
      },
      "N=8": {
        "mean_ms": 0.7000480260467157,
        "std_ms": 0.05875286534826057,
        "median_ms": 0.6842500006314367,
        "p95_ms": 0.7355996949627297,
        "min_ms": 0.6654579992755316,
        "tokens_per_sec": 45711.14953456718,
        "overhead_pct": -0.8037580424423553
      }
    },
    "runtime": {
      "k=1": {
        "mean_ms": 0.9400215581117664,
        "std_ms": 0.0631963115547581,
        "median_ms": 0.9262499988835771,
        "p95_ms": 0.9716603988636052,
        "min_ms": 0.9001669968711212,
        "tokens_per_sec": 34041.77247198333,
        "overhead_pct": 33.200298342891934
      },
      "k=2": {
        "mean_ms": 1.2164416798186721,
        "std_ms": 0.175308955081845,
        "median_ms": 1.1692920015775599,
        "p95_ms": 1.5435208024427993,
        "min_ms": 1.1213750040042214,
        "tokens_per_sec": 26306.234430219505,
        "overhead_pct": 72.3688071516661
      },
      "k=4": {
        "mean_ms": 1.8592962859838735,
        "std_ms": 1.1212269424667403,
        "median_ms": 1.6242710007645655,
        "p95_ms": 2.16817710424948,
        "min_ms": 1.4671669996459968,
        "tokens_per_sec": 17210.81262907312,
        "overhead_pct": 163.46078753593522
      },
      "k=8": {
        "mean_ms": 2.329558007986634,
        "std_ms": 0.088987402505749,
        "median_ms": 2.3326039990934078,
        "p95_ms": 2.5760202021047003,
        "min_ms": 2.165124999010004,
        "tokens_per_sec": 13736.51134262015,
        "overhead_pct": 230.09649512101825
      }
    }
  },
  "analysis": {
    "k1_overhead_pct": 33.200298342891934,
    "k1_pass": false,
    "k2_beta": 0.9554417385095169,
    "k2_alpha": 36.10599470750907,
    "k2_pass": true,
    "pre_merge_max_overhead_pct": 0.8037580424423553
  }
}