{
  "experiment": "real_lora_snr_measurement",
  "description": "Measure effective SNR of pilot-50 trained LoRA deltas via SVD",
  "elapsed_seconds": 18.15,
  "n_experts": 5,
  "n_layers": 28,
  "n_modules": 7,
  "n_entries": 980,
  "global_stats": {
    "snr_mean": 25.322224734510694,
    "snr_median": 16.654115676879883,
    "snr_min": 2.5567235946655273,
    "snr_max": 393.0644836425781,
    "snr_std": 29.742109648057788,
    "snr_p10": 6.5351118564605715,
    "snr_p25": 9.689604759216309,
    "snr_p75": 29.529290676116943,
    "snr_p90": 51.75803604125977,
    "pct_snr_below_10": 26.53061224489796,
    "pct_snr_below_5": 4.591836734693878,
    "r95_mean": 8.45,
    "r95_median": 9.0,
    "r99_mean": 12.257142857142858,
    "r99_median": 13.0,
    "rho_mean": 1.6090289330850556,
    "rho_min": 1.0666666666666667,
    "rho_max": 6.0,
    "rho_std": 0.47596134102139004
  },
  "expert_summaries": {
    "bash": {
      "n_entries": 196,
      "snr_mean": 29.758363487769145,
      "snr_median": 19.41176700592041,
      "snr_min": 5.804686546325684,
      "snr_max": 393.0644836425781,
      "snr_std": 39.065618313525626,
      "r95_mean": 7.775510204081633,
      "r99_mean": 11.846938775510203,
      "rho_mean": 1.6692241290455578,
      "rho_min": 1.25,
      "rho_max": 3.5,
      "rho_std": 0.4523141507199643,
      "pct_snr_below_10": 14.285714285714285
    },
    "math": {
      "n_entries": 196,
      "snr_mean": 21.835873858052857,
      "snr_median": 14.230680465698242,
      "snr_min": 3.0825843811035156,
      "snr_max": 195.74111938476562,
      "snr_std": 26.00700045685898,
      "r95_mean": 9.14795918367347,
      "r99_mean": 12.887755102040817,
      "rho_mean": 1.5483870296370297,
      "rho_min": 1.1428571428571428,
      "rho_max": 3.5,
      "rho_std": 0.45076197970806703,
      "pct_snr_below_10": 37.244897959183675
    },
    "medical": {
      "n_entries": 196,
      "snr_mean": 28.197410435092692,
      "snr_median": 19.935108184814453,
      "snr_min": 4.894498348236084,
      "snr_max": 219.15855407714844,
      "snr_std": 28.592214311683747,
      "r95_mean": 7.586734693877551,
      "r99_mean": 11.428571428571429,
      "rho_mean": 1.6773129931293196,
      "rho_min": 1.1538461538461537,
      "rho_max": 6.0,
      "rho_std": 0.5410208874124092,
      "pct_snr_below_10": 18.877551020408163
    },
    "python": {
      "n_entries": 196,
      "snr_mean": 17.905880305231832,
      "snr_median": 9.335882663726807,
      "snr_min": 2.5567235946655273,
      "snr_max": 194.44436645507812,
      "snr_std": 22.951221670529222,
      "r95_mean": 10.464285714285714,
      "r99_mean": 13.831632653061224,
      "rho_mean": 1.4390084263808753,
      "rho_min": 1.0666666666666667,
      "rho_max": 3.5,
      "rho_std": 0.40514962331423693,
      "pct_snr_below_10": 51.53061224489795
    },
    "sql": {
      "n_entries": 196,
      "snr_mean": 28.91359558640694,
      "snr_median": 21.4283447265625,
      "snr_min": 3.625119686126709,
      "snr_max": 243.1835174560547,
      "snr_std": 27.71650695190488,
      "r95_mean": 7.275510204081633,
      "r99_mean": 11.290816326530612,
      "rho_mean": 1.7112120872324954,
      "rho_min": 1.1428571428571428,
      "rho_max": 4.0,
      "rho_std": 0.4655746287505856,
      "pct_snr_below_10": 10.714285714285714
    }
  },
  "module_summaries": {
    "mlp.down_proj": {
      "snr_mean": 40.717686687197,
      "snr_median": 30.64000129699707,
      "snr_min": 6.95306921005249,
      "snr_max": 195.74111938476562,
      "r95_mean": 5.114285714285714,
      "r99_mean": 9.607142857142858,
      "rho_mean": 2.125014172335601,
      "pct_snr_below_10": 2.857142857142857
    },
    "mlp.gate_proj": {
      "snr_mean": 46.920302391052246,
      "snr_median": 33.26118087768555,
      "snr_min": 8.331668853759766,
      "snr_max": 393.0644836425781,
      "r95_mean": 5.3428571428571425,
      "r99_mean": 9.157142857142857,
      "rho_mean": 1.920856266749124,
      "pct_snr_below_10": 3.571428571428571
    },
    "mlp.up_proj": {
      "snr_mean": 27.294680520466397,
      "snr_median": 21.537075996398926,
      "snr_min": 3.0100021362304688,
      "snr_max": 203.53028869628906,
      "r95_mean": 7.714285714285714,
      "r99_mean": 11.585714285714285,
      "rho_mean": 1.6119039888682745,
      "pct_snr_below_10": 12.857142857142856
    },
    "self_attn.k_proj": {
      "snr_mean": 11.9645093696458,
      "snr_median": 9.209369659423828,
      "snr_min": 3.0825843811035156,
      "snr_max": 83.5668716430664,
      "r95_mean": 11.17142857142857,
      "r99_mean": 14.442857142857143,
      "rho_mean": 1.3130476864405434,
      "pct_snr_below_10": 57.85714285714286
    },
    "self_attn.o_proj": {
      "snr_mean": 16.086461617265428,
      "snr_median": 12.147928237915039,
      "snr_min": 3.9326651096343994,
      "snr_max": 96.19908142089844,
      "r95_mean": 9.728571428571428,
      "r99_mean": 13.657142857142857,
      "rho_mean": 1.4968522747094173,
      "pct_snr_below_10": 38.57142857142858
    },
    "self_attn.q_proj": {
      "snr_mean": 15.979495871067048,
      "snr_median": 10.975909233093262,
      "snr_min": 2.5567235946655273,
      "snr_max": 283.3237609863281,
      "r95_mean": 10.764285714285714,
      "r99_mean": 13.964285714285714,
      "rho_mean": 1.3307626500483642,
      "pct_snr_below_10": 45.714285714285715
    },
    "self_attn.v_proj": {
      "snr_mean": 18.292436684880936,
      "snr_median": 14.430243492126465,
      "snr_min": 4.8910722732543945,
      "snr_max": 136.46517944335938,
      "r95_mean": 9.314285714285715,
      "r99_mean": 13.385714285714286,
      "rho_mean": 1.4647654924440638,
      "pct_snr_below_10": 24.285714285714285
    }
  },
  "layer_summaries": {
    "0": {
      "snr_mean": 25.205206326075963,
      "snr_median": 19.73410415649414,
      "rho_mean": 1.560590044875759
    },
    "1": {
      "snr_mean": 36.1914345060076,
      "snr_median": 30.908302307128906,
      "rho_mean": 1.9785260770975055
    },
    "2": {
      "snr_mean": 36.51777196611677,
      "snr_median": 23.25812530517578,
      "rho_mean": 1.7573325880468738
    },
    "3": {
      "snr_mean": 31.70160229546683,
      "snr_median": 17.92316436767578,
      "rho_mean": 1.6597750662036375
    },
    "4": {
      "snr_mean": 24.891698564801896,
      "snr_median": 20.058679580688477,
      "rho_mean": 1.7356576756576758
    },
    "5": {
      "snr_mean": 40.92466734477452,
      "snr_median": 21.6925106048584,
      "rho_mean": 1.9061616161616164
    },
    "6": {
      "snr_mean": 31.12915596280779,
      "snr_median": 21.887744903564453,
      "rho_mean": 1.785732759304188
    },
    "7": {
      "snr_mean": 21.715305587223597,
      "snr_median": 10.513450622558594,
      "rho_mean": 1.477245532245532
    },
    "8": {
      "snr_mean": 17.263812174115863,
      "snr_median": 13.12948989868164,
      "rho_mean": 1.4447113204256061
    },
    "9": {
      "snr_mean": 32.431864166259764,
      "snr_median": 20.91653823852539,
      "rho_mean": 1.6289336060764634
    },
    "10": {
      "snr_mean": 21.576279156548637,
      "snr_median": 15.05341625213623,
      "rho_mean": 1.5701954394811537
    },
    "11": {
      "snr_mean": 20.680429213387626,
      "snr_median": 14.781229972839355,
      "rho_mean": 1.50416662702377
    },
    "12": {
      "snr_mean": 16.849306746891568,
      "snr_median": 13.435224533081055,
      "rho_mean": 1.4829648922506067
    },
    "13": {
      "snr_mean": 16.384003107888358,
      "snr_median": 14.171375274658203,
      "rho_mean": 1.4178410478410477
    },
    "14": {
      "snr_mean": 20.286636911119732,
      "snr_median": 10.387859344482422,
      "rho_mean": 1.4377061034203888
    },
    "15": {
      "snr_mean": 17.188800552913122,
      "snr_median": 14.162922859191895,
      "rho_mean": 1.4652915338629626
    },
    "16": {
      "snr_mean": 13.945236471721104,
      "snr_median": 11.410656929016113,