{
  "model": "Qwen/Qwen2.5-0.5B",
  "prune_frac": 0.2,
  "n_seeds": 3,
  "seed_results": [
    {
      "seed": 42,
      "loss_a": 2.8466321229934692,
      "loss_b": 2.846941316127777,
      "loss_no_prune": 2.8447054982185365,
      "gap_b_vs_a_pct": 0.010861717318872604,
      "gap_a_vs_noprune_pct": 0.06772668651075828,
      "gap_b_vs_noprune_pct": 0.07859576011086912
    },
    {
      "seed": 43,
      "loss_a": 2.8466277956962585,
      "loss_b": 2.846934235095978,
      "loss_no_prune": 2.8445117712020873,
      "gap_b_vs_a_pct": 0.010764997102280585,
      "gap_a_vs_noprune_pct": 0.0743897253508961,
      "gap_b_vs_noprune_pct": 0.0851627305049551
    },
    {
      "seed": 44,
      "loss_a": 2.839236319065094,
      "loss_b": 2.8396268010139467,
      "loss_no_prune": 2.8371822237968445,
      "gap_b_vs_a_pct": 0.013753062618658489,
      "gap_a_vs_noprune_pct": 0.07239913076505285,
      "gap_b_vs_noprune_pct": 0.08616215048150082
    }
  ],
  "mean_gap_b_vs_a": 0.011793259013270559,
  "std_gap_b_vs_a": 0.0016979285405584795,
  "elapsed_s": 409.59273505210876
}