{
  "verdict": "killed_k1",
  "k1_pass": false,
  "k2_pass": true,
  "slopes": {
    "5": {
      "slope_var": 43.800088029931906,
      "r2_var": 0.9397405646457616,
      "slope_cv": 0.019346128520076545,
      "r2_cv": 0.8157116498096968,
      "slope_linreg": 52.03082707028605,
      "intercept_linreg": -1.4439615064362394,
      "r2_linreg": 0.9813787566263914,
      "cos_5pct_var": 0.11415502171098657,
      "cos_5pct_cv": 258.449642511742
    },
    "10": {
      "slope_var": 95.8564885321724,
      "r2_var": 0.9765567590116846,
      "slope_cv": 0.014677651716919196,
      "r2_cv": 0.8705052883150257,
      "slope_linreg": 106.77684215492476,
      "intercept_linreg": -1.9115696782341836,
      "r2_linreg": 0.9947555302638522,
      "cos_5pct_var": 0.05216130985563742,
      "cos_5pct_cv": 340.65394767723024
    },
    "20": {
      "slope_var": 169.25059438631123,
      "r2_var": 0.9948698763613156,
      "slope_cv": 0.01059084602426986,
      "r2_cv": 0.9352385816683505,
      "slope_linreg": 172.6494339717983,
      "intercept_linreg": -0.5947000286417925,
      "r2_linreg": 0.9955512377013558,
      "cos_5pct_var": 0.0295419937408763,
      "cos_5pct_cv": 472.10581558282104
    },
    "50": {
      "slope_var": 277.1202663499037,
      "r2_var": 0.9281749559727135,
      "slope_cv": 0.005869208511345767,
      "r2_cv": 0.9806235742650414,
      "slope_linreg": 244.19195675054075,
      "intercept_linreg": 5.761449442800274,
      "r2_linreg": 0.9589782662232222,
      "cos_5pct_var": 0.018042707831720937,
      "cos_5pct_cv": 851.9036238590775
    }
  },
  "thresholds": {
    "5": 0.11415502171098657,
    "10": 0.05216130985563742,
    "20": 0.0295419937408763,
    "50": 0.018042707831720937
  },
  "exact_thresholds": {
    "5": 0.13713698090681803,
    "10": 0.07149214994674608,
    "20": 0.03711666837139538,
    "50": 0.016407816691520215
  },
  "threshold_mean": 0.05347525828480531,
  "threshold_std": 0.04286423113845193,
  "threshold_cv_pct": 80.15712782565757,
  "safety_margin_over_production": 267.37629142402653,
  "all_results": [
    {
      "N": 5,
      "target_cos": 0.005,
      "actual_cos": 0.009937224615362648,
      "norm_cv_pct": 4.348051038502931e-06,
      "norm_cv_std": 3.9248623843289235e-06,
      "variation_pct": 0.14937158706148276,
      "variation_std": 0.0802518936123172
    },
    {
      "N": 5,
      "target_cos": 0.01,
      "actual_cos": 0.014912414441416102,
      "norm_cv_pct": 8.569459805506804e-06,
      "norm_cv_std": 6.7392152352283526e-06,
      "variation_pct": 0.20902063061253676,
      "variation_std": 0.09554495024491423
    },
    {
      "N": 5,
      "target_cos": 0.02,
      "actual_cos": 0.024862794093523006,
      "norm_cv_pct": 2.579123721294432e-05,
      "norm_cv_std": 1.593165201264649e-05,
      "variation_pct": 0.37685474725777474,
      "variation_std": 0.1260018358927708
    },
    {
      "N": 5,
      "target_cos": 0.03,
      "actual_cos": 0.03481317374562992,
      "norm_cv_pct": 5.646676566475558e-05,
      "norm_cv_std": 3.1845873663580294e-05,
      "variation_pct": 0.5990083469594287,
      "variation_std": 0.148517558369003
    },
    {
      "N": 5,
      "target_cos": 0.04,
      "actual_cos": 0.04476355339773684,
      "norm_cv_pct": 0.00010319364086749654,
      "norm_cv_std": 5.576327921425029e-05,
      "variation_pct": 0.867739100682241,
      "variation_std": 0.1632370609022897
    },
    {
      "N": 5,
      "target_cos": 0.05,
      "actual_cos": 0.05471393304984375,
      "norm_cv_pct": 0.00016799238037292326,
      "norm_cv_std": 8.848557026971481e-05,
      "variation_pct": 1.180805383676516,
      "variation_std": 0.17530708528215602
    },
    {
      "N": 5,
      "target_cos": 0.06,
      "actual_cos": 0.06466431270195065,
      "norm_cv_pct": 0.0002523101771182552,
      "norm_cv_std": 0.0001305240333372734,
      "variation_pct": 1.5339792530085328,
      "variation_std": 0.18591785087129187
    },
    {
      "N": 5,
      "target_cos": 0.07,
      "actual_cos": 0.07461469235405757,
      "norm_cv_pct": 0.0003571306535449148,
      "norm_cv_std": 0.0001821774385663386,
      "variation_pct": 1.9225555550442068,
      "variation_std": 0.19334785108730654
    },
    {
      "N": 5,
      "target_cos": 0.08,
      "actual_cos": 0.08456507200616446,
      "norm_cv_pct": 0.00048307174661471283,
      "norm_cv_std": 0.00024358118393268875,
      "variation_pct": 2.3453102831213712,
      "variation_std": 0.19759896132990587
    },
    {
      "N": 5,
      "target_cos": 0.1,
      "actual_cos": 0.10446583131037832,
      "norm_cv_pct": 0.0007994145131507053,
      "norm_cv_std": 0.00039557504299103717,
      "variation_pct": 3.27276923951881,
      "variation_std": 0.198708139855604
    },
    {
      "N": 5,
      "target_cos": 0.12,
      "actual_cos": 0.12436659061459211,
      "norm_cv_pct": 0.0012015713876934997,
      "norm_cv_std": 0.0005855222125040597,
      "variation_pct": 4.290911005707365,
      "variation_std": 0.19183530073360153
    },
    {
      "N": 5,
      "target_cos": 0.15,
      "actual_cos": 0.15421772957091284,
      "norm_cv_pct": 0.0019608934168896365,
      "norm_cv_std": 0.0009372077295524563,
      "variation_pct": 5.948426055495063,
      "variation_std": 0.17101305284132223
    },
    {
      "N": 5,
      "target_cos": 0.2,
      "actual_cos": 0.20396962783144743,
      "norm_cv_pct": 0.003610787657316158,
      "norm_cv_std": 0.001679545445873796,
      "variation_pct": 8.944824365982367,
      "variation_std": 0.12656652088082504
    },
    {
      "N": 5,
      "target_cos": 0.25,
      "actual_cos": 0.25372152609198195,
      "norm_cv_pct": 0.005678507958728427,
      "norm_cv_std": 0.0025791200972099812,
      "variation_pct": 12.10061207275613,
      "variation_std": 0.11550452236532194
    },
    {
      "N": 5,
      "target_cos": 0.3,
      "actual_cos": 0.30347342435251645,
      "norm_cv_pct": 0.00808862102053817,
      "norm_cv_std": 0.003594047129874416,
      "variation_pct": 15.353454107088378,
      "variation_std": 0.12407320265653779
    },
    {
      "N": 10,
      "target_cos": 0.005,
      "actual_cos": 0.006192595595672086,
      "norm_cv_pct": 8.14828798286755e-06,
      "norm_cv_std": 2.699911319400824e-06,
      "variation_pct": 0.22602316647731455,
      "variation_std": 0.010140443513544609
    },
    {
      "N": 10,
      "target_cos": 0.01,
      "actual_cos": 0.011186602652980264,
      "norm_cv_pct": 1.298554157155593e-05,
      "norm_cv_std": 2.4817547738076098e-06,
      "variation_pct": 0.371699352721111,
      "variation_std": 0.032303738203512906
    },
    {
      "N": 10,
      "target_cos": 0.02,
      "actual_cos": 0.021174616767596625,
      "norm_cv_pct": 3.1761854734531955e-05,
      "norm_cv_std": 2.8207274335653e-06,
      "variation_pct": 0.8287192316129732,
      "variation_std": 0.0671862314691455
    },
    {
      "N": 10,
      "target_cos": 0.03,
      "actual_cos": 0.03116263088221299,
      "norm_cv_pct": 6.479226244744503e-05,
      "norm_cv_std": 4.448394322977863e-06,
      "variation_pct": 1.4518646640631812,
      "variation_std": 0.1012562146982852
    },
    {
      "N": 10,
      "target_cos": 0.04,
      "actual_cos": 0.04115064499682936,
      "norm_cv_pct": 0.00011384476510906789,
      "norm_cv_std": 7.960566221817903e-06,
      "variation_pct": 2.2020714089294215,
      "variation_std": 0.13821011319033055
    },
    {
      "N": 10,
      "target_cos": 0.05,
      "actual_cos": 0.051138659111445724,
      "norm_cv_pct": 0.00017961284234655294,
      "norm_cv_std": 1.4265798293918594e-05,
      "variation_pct": 3.050921333922574,
      "variation_std": 0.1785966352422761
    },
    {
      "N": 10,
      "target_cos": 0.06,
      "actual_cos": 0.06112667322606208,
      "norm_cv_pct": 0.00026206885711142026,
      "norm_cv_std": 2.384788994173126e-05,
      "variation_pct": 3.9763542236471126,