{
  "models": {
    "capsule_moe": {
      "parent": "moe",
      "runs": [
        {
          "model_name": "capsule_moe",
          "param_count": 203136,
          "final_loss": 0.5337655544281006,
          "val_loss": 0.5091790288686753,
          "learning_speed": 2,
          "tokens_per_sec": 89340.31681087211,
          "elapsed_s": 5.730895280838013,
          "forgetting": null,
          "parent": "moe"
        },
        {
          "model_name": "capsule_moe",
          "param_count": 203136,
          "final_loss": 0.6171705648303032,
          "val_loss": 0.6171705648303032,
          "learning_speed": null,
          "tokens_per_sec": 0.0,
          "elapsed_s": 0.0,
          "forgetting": {
            "a_m": {
              "after_own": 0.5233519345521926,
              "after_last": 0.7335654973983765,
              "forgetting": 0.21021356284618387,
              "pct": 40.166768277904
            }
          },
          "parent": "moe"
        }
      ]
    },
    "gpt": {
      "parent": null,
      "runs": [
        {
          "model_name": "gpt",
          "param_count": 202112,
          "final_loss": 0.4966975450515747,
          "val_loss": 0.5079506754875183,
          "learning_speed": 3,
          "tokens_per_sec": 115024.5700780009,
          "elapsed_s": 4.451222896575928,
          "forgetting": null,
          "parent": null
        },
        {
          "model_name": "gpt",
          "param_count": 202112,
          "final_loss": 0.6042030185461045,
          "val_loss": 0.6042030185461045,
          "learning_speed": null,
          "tokens_per_sec": 0.0,
          "elapsed_s": 0.0,
          "forgetting": {
            "a_m": {
              "after_own": 0.5212954103946685,
              "after_last": 0.7101371705532074,
              "forgetting": 0.18884176015853882,
              "pct": 36.225478446668156
            }
          },
          "parent": null
        }
      ]
    },
    "moe": {
      "parent": "gpt",
      "runs": [
        {
          "model_name": "moe",
          "param_count": 596352,
          "final_loss": 0.5372582077980042,
          "val_loss": 0.5063271731138229,
          "learning_speed": 2,
          "tokens_per_sec": 89451.97400453774,
          "elapsed_s": 5.723741769790649,
          "forgetting": null,
          "parent": "gpt"
        },
        {
          "model_name": "moe",
          "param_count": 596352,
          "final_loss": 0.601368460059166,
          "val_loss": 0.601368460059166,
          "learning_speed": null,
          "tokens_per_sec": 0.0,
          "elapsed_s": 0.0,
          "forgetting": {
            "a_m": {
              "after_own": 0.5308663129806519,
              "after_last": 0.7025668859481812,
              "forgetting": 0.17170057296752927,
              "pct": 32.34346680789301
            }
          },
          "parent": "gpt"
        }
      ]
    },
    "moe_freeze": {
      "parent": "moe",
      "runs": [
        {
          "model_name": "moe_freeze",
          "param_count": 596352,
          "final_loss": 0.5514732003211975,
          "val_loss": 0.5110917389392853,
          "learning_speed": 2,
          "tokens_per_sec": 91251.4128354556,
          "elapsed_s": 5.610872030258179,
          "forgetting": null,
          "parent": "moe"
        },
        {
          "model_name": "moe_freeze",
          "param_count": 596352,
          "final_loss": 0.6056626424193383,
          "val_loss": 0.6056626424193383,
          "learning_speed": null,
          "tokens_per_sec": 0.0,
          "elapsed_s": 0.0,
          "forgetting": {
            "a_m": {
              "after_own": 0.5304308056831359,
              "after_last": 0.7095365405082703,
              "forgetting": 0.17910573482513437,
              "pct": 33.766087778000994
            }
          },
          "parent": "moe"
        }
      ]
    }
  }
}