{
  "k1003_coherent": true,
  "k1003_has_nan": false,
  "k1003_has_inf": false,
  "k1004_max_diff": 0.0,
  "k1004_pass": true,
  "k1004_max_diff_large": 0.0,
  "k1005_rel_diff": 0.9908109903335571,
  "k1005_pass": true,
  "k1003_multilayer_coherent": true,
  "k1003_multilayer_norm": 655.2161865234375,
  "k1006_base_acc": 0.0,
  "k1006_train_losses": [
    1.0,
    1.0,
    1.0,
    1.0,
    1.0,
    1.0,
    1.0,
    1.0,
    1.0,
    1.0
  ],
  "k1006_final_loss": 1.0,
  "k1006_init_loss": 1.0,
  "k1006_loss_reduction_pct": 0.0,
  "k1006_loss_improved": false,
  "k1006_pass": false,
  "total_time_s": 3.418043851852417,
  "k1003_final_pass": true,
  "k1004_final_pass": true,
  "k1005_final_pass": true,
  "k1006_final_pass": false
}