{
  "model": "Qwen/Qwen2.5-Coder-7B-Instruct",
  "domains": [
    "python",
    "javascript",
    "rust",
    "sql",
    "cpp"
  ],
  "baseline_ppl": {
    "python": 1884872.409663292,
    "javascript": 96640302.65756948,
    "rust": 1153633.8535110033,
    "sql": 1733105.5160303214,
    "cpp": 1288806.4354353796
  },
  "args": {
    "config": null,
    "configs": null,
    "compare": true,
    "steps": 500,
    "lr": 0.0002,
    "batch_size": 4,
    "seq_len": 512,
    "domains": null,
    "n_train": 2000,
    "n_eval": 200,
    "seed": 42,
    "lora_rank": 16,
    "lora_targets": "q_proj,v_proj",
    "ewc_lambda": 100.0,
    "replay_per_domain": 100,
    "gate_init": -2.0,
    "no_quantize": false,
    "output": "/workspace/results_7b.json"
  },
  "results": [
    {
      "name": "lora_seqft",
      "elapsed_s": 5230.3634350299835,
      "steps_per_domain": 500,
      "ppl_matrix": {
        "0": {
          "python": 11.966755869462995,
          "javascript": 5.342355401733577,
          "rust": 11.655052973629221,
          "sql": 6.783999724062073,
          "cpp": 15.22694940200544
        },
        "1": {
          "python": 11.57908541733468,
          "javascript": 4.635590582576765,
          "rust": 10.430052104412148,
          "sql": 6.479073880355504,
          "cpp": 13.469071551921415
        },
        "2": {
          "python": 10.901377893951334,
          "javascript": 4.602545833362174,
          "rust": 7.878025684831283,
          "sql": 6.355828511386464,
          "cpp": 12.574102747863193
        },
        "3": {
          "python": 11.533889383364661,
          "javascript": 4.739134032401502,
          "rust": 9.06936876346331,
          "sql": 5.5115978513501815,
          "cpp": 13.198930809937027
        },
        "4": {
          "python": 10.546693962227938,
          "javascript": 4.537910675357234,
          "rust": 8.518218940421935,
          "sql": 5.712060669444023,
          "cpp": 10.72838377539597
        }
      },
      "forgetting": {
        "T1>python": {
          "absolute": -0.3876704521283152,
          "percent": -3.2395618023559782,
          "before": 11.966755869462995,
          "after": 11.57908541733468
        },
        "T2>python": {
          "absolute": -1.0653779755116606,
          "percent": -8.90281365420275,
          "before": 11.966755869462995,
          "after": 10.901377893951334
        },
        "T2>javascript": {
          "absolute": -0.03304474921459111,
          "percent": -0.7128487433465849,
          "before": 4.635590582576765,
          "after": 4.602545833362174
        },
        "T3>python": {
          "absolute": -0.4328664860983338,
          "percent": -3.6172417221523765,
          "before": 11.966755869462995,
          "after": 11.533889383364661
        },
        "T3>javascript": {
          "absolute": 0.10354344982473673,
          "percent": 2.2336625286519696,
          "before": 4.635590582576765,
          "after": 4.739134032401502
        },
        "T3>rust": {
          "absolute": 1.191343078632026,
          "percent": 15.122355857837496,
          "before": 7.878025684831283,
          "after": 9.06936876346331
        },
        "T4>python": {
          "absolute": -1.4200619072350573,
          "percent": -11.866724137481567,
          "before": 11.966755869462995,
          "after": 10.546693962227938
        },
        "T4>javascript": {
          "absolute": -0.0976799072195309,
          "percent": -2.1071728721399294,
          "before": 4.635590582576765,
          "after": 4.537910675357234
        },
        "T4>rust": {
          "absolute": 0.6401932555906518,
          "percent": 8.1263159223168,
          "before": 7.878025684831283,
          "after": 8.518218940421935
        },
        "T4>sql": {
          "absolute": 0.20046281809384148,
          "percent": 3.6371089382860893,
          "before": 5.5115978513501815,
          "after": 5.712060669444023
        }
      }
    },
    {
      "name": "lora_ewc",
      "elapsed_s": 5516.856246471405,
      "steps_per_domain": 500,
      "ppl_matrix": {
        "0": {
          "python": 11.846663090929939,
          "javascript": 5.182160743322226,
          "rust": 11.53685544233834,
          "sql": 6.742518988846831,
          "cpp": 15.280373952690585
        },
        "1": {
          "python": 11.465656565597493,
          "javascript": 4.584217140787667,
          "rust": 10.334413849715407,
          "sql": 6.461149140862783,
          "cpp": 13.329865801381297
        },
        "2": {
          "python": 10.991709836076515,
          "javascript": 4.625299930768558,
          "rust": 7.813667605186333,
          "sql": 6.322548130258425,
          "cpp": 12.545860540676669
        },
        "3": {
          "python": 11.31008471472472,
          "javascript": 4.638532437717016,
          "rust": 8.875714097135198,
          "sql": 5.410096593226083,
          "cpp": 12.89744498033395
        },
        "4": {
          "python": 10.554400862405156,
          "javascript": 4.5554043905673804,
          "rust": 8.582055960351482,
          "sql": 5.724552022355907,
          "cpp": 10.690226115804338
        }
      },
      "forgetting": {
        "T1>python": {
          "absolute": -0.3810065253324453,
          "percent": -3.216150593698846,
          "before": 11.846663090929939,
          "after": 11.465656565597493
        },
        "T2>python": {
          "absolute": -0.8549532548534238,
          "percent": -7.216827627249689,
          "before": 11.846663090929939,
          "after": 10.991709836076515
        },
        "T2>javascript": {
          "absolute": 0.041082789980891654,
          "percent": 0.8961789705675407,
          "before": 4.584217140787667,
          "after": 4.625299930768558
        },
        "T3>python": {
          "absolute": -0.5365783762052185,
          "percent": -4.529363012070753,
          "before": 11.846663090929939,
          "after": 11.31008471472472
        },
        "T3>javascript": {
          "absolute": 0.054315296929349444,
          "percent": 1.1848325518022236,
          "before": 4.584217140787667,
          "after": 4.638532437717016
        },
        "T3>rust": {
          "absolute": 1.0620464919488652,
          "percent": 13.592163700999135,
          "before": 7.813667605186333,
          "after": 8.875714097135198
        },
        "T4>python": {
          "absolute": -1.2922622285247822,
          "percent": -10.908238198435525,
          "before": 11.846663090929939,
          "after": 10.554400862405156
        },
        "T4>javascript": {
          "absolute": -0.028812750220286176,
          "percent": -0.6285206249051181,
          "before": 4.584217140787667,
          "after": 4.5554043905673804
        },
        "T4>rust": {
          "absolute": 0.7683883551651496,
          "percent": 9.833901235511103,
          "before": 7.813667605186333,
          "after": 8.582055960351482
        },
        "T4>sql": {
          "absolute": 0.3144554291298247,
          "percent": 5.8123810492321075,
          "before": 5.410096593226083,
          "after": 5.724552022355907
        }
      }
    },
    {
      "name": "lora_replay",
      "elapsed_s": 4841.863336324692,
      "steps_per_domain": 500,
      "ppl_matrix": {
        "0": {
          "python": 12.571655980289897,
          "javascript": 5.445881959364659,
          "rust": 12.22575279674425,
          "sql": 6.997057707683314,
          "cpp": 16.075992547630996
        },
        "1": {
          "python": 12.312765450352174,
          "javascript": 4.822606490371764,
          "rust": 11.177969964333034,
          "sql": 6.664084170168242,
          "cpp": 14.497343841958234
        },
        "2": {
          "python": 14.142114341642037,
          "javascript": 4.825437321130789,
          "rust": 8.916504821602762,
          "sql": 6.8125847692693835,
          "cpp": 14.574602476086975
        },