{
  "seeds": [
    42,
    123,
    7
  ],
  "pearson_rs": [
    0.046189043312507075,
    0.217899551164772,
    -0.010931755675642758
  ],
  "mean_pearson_r": 0.08438561293387876,
  "std_pearson_r": 0.09724599459001979,
  "k1_pass_rate": 0.0,
  "k2_pass_rate": 0.6666666666666666,
  "overall": "KILLED",
  "per_seed": [
    {
      "seed": 42,
      "config": {
        "d_model": 64,
        "n_heads": 4,
        "n_layers": 4,
        "lora_rank": 8,
        "n_train": 2000,
        "base_epochs": 30,
        "expert_epochs": 40
      },
      "base_ppls": {
        "arithmetic": 2.725431175082542,
        "reverse": 5.262635501051248,
        "repeat": 1.5579563304822959,
        "sort": 4.321112075970933,
        "parity": 1.6967143038957817
      },
      "base_accs": {
        "arithmetic": 0.675,
        "reverse": 0.81,
        "repeat": 1.0,
        "sort": 0.72,
        "parity": 0.865
      },
      "expert_ppls": {
        "arithmetic": 2.5863051888940465,
        "reverse": 6.68537887902025,
        "repeat": 1.4830491850319407,
        "sort": 4.641520450297315,
        "parity": 1.646271675298624
      },
      "expert_accs": {
        "arithmetic": 0.865,
        "reverse": 0.905,
        "repeat": 1.0,
        "sort": 0.86,
        "parity": 1.0
      },
      "ppl_improvements": {
        "arithmetic": 0.05104733058771229,
        "reverse": -0.2703480751583118,
        "repeat": 0.04808038838108266,
        "sort": -0.07414951722917015,
        "parity": 0.02972959471216677
      },
      "acc_improvements": {
        "arithmetic": 0.18999999999999995,
        "reverse": 0.09499999999999997,
        "repeat": 0.0,
        "sort": 0.14,
        "parity": 0.135
      },
      "pearson_r": 0.046189043312507075,
      "best_ppl_imp_domain": "arithmetic",
      "best_acc_imp_domain": "arithmetic",
      "k1_pass": false,
      "k2_pass": true,
      "overall": "KILLED"
    },
    {
      "seed": 123,
      "config": {
        "d_model": 64,
        "n_heads": 4,
        "n_layers": 4,
        "lora_rank": 8,
        "n_train": 2000,
        "base_epochs": 30,
        "expert_epochs": 40
      },
      "base_ppls": {
        "arithmetic": 2.64035235977802,
        "reverse": 5.660957243103308,
        "repeat": 1.5430894640672106,
        "sort": 4.1410348252577895,
        "parity": 1.7232737329811512
      },
      "base_accs": {
        "arithmetic": 0.795,
        "reverse": 0.81,
        "repeat": 1.0,
        "sort": 0.74,
        "parity": 0.835
      },
      "expert_ppls": {
        "arithmetic": 2.7147745857042906,
        "reverse": 7.634334460815022,
        "repeat": 1.4887613612677857,
        "sort": 4.652923236971816,
        "parity": 1.6537099482870696
      },
      "expert_accs": {
        "arithmetic": 0.895,
        "reverse": 0.85,
        "repeat": 1.0,
        "sort": 0.85,
        "parity": 0.97
      },
      "ppl_improvements": {
        "arithmetic": -0.02818647505537012,
        "reverse": -0.34859426294304924,
        "repeat": 0.03520735774854503,
        "sort": -0.12361364569836962,
        "parity": 0.04036722858517708
      },
      "acc_improvements": {
        "arithmetic": 0.09999999999999998,
        "reverse": 0.039999999999999925,
        "repeat": 0.0,
        "sort": 0.10999999999999999,
        "parity": 0.135
      },
      "pearson_r": 0.217899551164772,
      "best_ppl_imp_domain": "parity",
      "best_acc_imp_domain": "parity",
      "k1_pass": false,
      "k2_pass": true,
      "overall": "KILLED"
    },
    {
      "seed": 7,
      "config": {
        "d_model": 64,
        "n_heads": 4,
        "n_layers": 4,
        "lora_rank": 8,
        "n_train": 2000,
        "base_epochs": 30,
        "expert_epochs": 40
      },
      "base_ppls": {
        "arithmetic": 2.678418579054616,
        "reverse": 5.149677211186143,
        "repeat": 1.565193039254223,
        "sort": 4.359377954195166,
        "parity": 1.724391288327949
      },
      "base_accs": {
        "arithmetic": 0.71,
        "reverse": 0.825,
        "repeat": 1.0,
        "sort": 0.635,
        "parity": 0.905
      },
      "expert_ppls": {
        "arithmetic": 2.554884903814351,
        "reverse": 6.671847734708696,
        "repeat": 1.4975033403239915,
        "sort": 4.765318950633167,
        "parity": 1.6545927181620008
      },
      "expert_accs": {
        "arithmetic": 0.895,
        "reverse": 0.9,
        "repeat": 1.0,
        "sort": 0.845,
        "parity": 0.995
      },
      "ppl_improvements": {
        "arithmetic": 0.0461218706464723,
        "reverse": -0.295585618495872,
        "repeat": 0.04324686938454831,
        "sort": -0.09311901851670168,
        "parity": 0.04047722268049048
      },
      "acc_improvements": {
        "arithmetic": 0.18500000000000005,
        "reverse": 0.07500000000000007,
        "repeat": 0.0,
        "sort": 0.20999999999999996,
        "parity": 0.08999999999999997
      },
      "pearson_r": -0.010931755675642758,
      "best_ppl_imp_domain": "arithmetic",
      "best_acc_imp_domain": "sort",
      "k1_pass": false,
      "k2_pass": false,
      "overall": "KILLED"
    }
  ]
}