{
  "experiment": "quality_degradation_detection",
  "config": {
    "d": 64,
    "H": 2,
    "L": 2,
    "max_T": 24,
    "rank": 8,
    "n_experts": 8,
    "n_train": 300,
    "n_test": 100,
    "epochs_base": 20,
    "epochs_expert": 15,
    "batch": 32,
    "lr_base": 0.001,
    "lr_expert": 0.001
  },
  "config_name": "full",
  "total_degradation_events": 139,
  "total_pairs": 168,
  "degradation_rate": 0.8273809523809523,
  "correlation": {
    "pearson_mean": -0.4135824934779911,
    "pearson_std": 0.12586537361855624,
    "pearson_ci_95": [
      -0.5033370392300588,
      -0.3098602231846649
    ],
    "spearman_mean": -0.520686649277217,
    "spearman_std": 0.14158133406168205,
    "spearman_ci_95": [
      -0.5955781362244179,
      -0.3499237042142905
    ]
  },
  "canary_fnr_detail": {
    "mean": 0.01984126984126984,
    "std": 0.0014029896452114035,
    "ci_95": [
      0.018849206349206348,
      0.020833333333333332
    ],
    "per_seed": [
      0.017857142857142856,
      0.020833333333333332,
      0.020833333333333332
    ]
  },
  "aggregate_methods": {
    "canary": {
      "fnr_mean": 0.01984126984126984,
      "fnr_std": 0.0014029896452114035,
      "fnr_per_seed": [
        0.017857142857142856,
        0.020833333333333332,
        0.020833333333333332
      ],
      "fpr_mean": 0.06597222222222222,
      "fpr_std": 0.04195502074164782,
      "time_mean": 0.11711210012435913,
      "coverage_mean": 1.0,
      "n_seeds_with_deg": 3
    },
    "cosine_0.005": {
      "fnr_mean": 0.0,
      "fnr_std": 0.0,
      "fnr_per_seed": [
        0.0,
        0.0,
        0.0
      ],
      "fpr_mean": 0.0,
      "fpr_std": 0.0,
      "time_mean": 0.5673291981220245,
      "coverage_mean": 1.0,
      "n_seeds_with_deg": 3
    },
    "cosine_0.01": {
      "fnr_mean": 0.0,
      "fnr_std": 0.0,
      "fnr_per_seed": [
        0.0,
        0.0,
        0.0
      ],
      "fpr_mean": 0.0,
      "fpr_std": 0.0,
      "time_mean": 0.5684180855751038,
      "coverage_mean": 1.0,
      "n_seeds_with_deg": 3
    },
    "cosine_0.02": {
      "fnr_mean": 0.0,
      "fnr_std": 0.0,
      "fnr_per_seed": [
        0.0,
        0.0,
        0.0
      ],
      "fpr_mean": 0.0,
      "fpr_std": 0.0,
      "time_mean": 0.5682022472222646,
      "coverage_mean": 1.0,
      "n_seeds_with_deg": 3
    },
    "cosine_0.05": {
      "fnr_mean": 0.011904761904761904,
      "fnr_std": 0.016835875742536845,
      "fnr_per_seed": [
        0.03571428571428571,
        0.0,
        0.0
      ],
      "fpr_mean": 0.0,
      "fpr_std": 0.0,
      "time_mean": 0.5622446040312449,
      "coverage_mean": 0.9880952380952381,
      "n_seeds_with_deg": 3
    },
    "cosine_0.1": {
      "fnr_mean": 0.33809523809523806,
      "fnr_std": 0.06970303328825998,
      "fnr_per_seed": [
        0.3125,
        0.26845238095238094,
        0.43333333333333335
      ],
      "fpr_mean": 0.0,
      "fpr_std": 0.0,
      "time_mean": 0.4320170481999715,
      "coverage_mean": 0.7380952380952381,
      "n_seeds_with_deg": 3
    },
    "cosine_0.15": {
      "fnr_mean": 0.6060515873015874,
      "fnr_std": 0.08465167967623599,
      "fnr_per_seed": [
        0.6473214285714286,
        0.4880952380952381,
        0.6827380952380953
      ],
      "fpr_mean": 0.0,
      "fpr_std": 0.0,
      "time_mean": 0.26905855536460876,
      "coverage_mean": 0.46428571428571425,
      "n_seeds_with_deg": 3
    },
    "cosine_0.2": {
      "fnr_mean": 0.7838293650793652,
      "fnr_std": 0.07679507038688667,
      "fnr_per_seed": [
        0.71875,
        0.7410714285714286,
        0.8916666666666666
      ],
      "fpr_mean": 0.0,
      "fpr_std": 0.0,
      "time_mean": 0.17362827062606812,
      "coverage_mean": 0.3095238095238095,
      "n_seeds_with_deg": 3
    },
    "full_eval": {
      "fnr_mean": 0.0,
      "fnr_std": 0.0,
      "fnr_per_seed": [
        0.0,
        0.0,
        0.0
      ],
      "fpr_mean": 0.0,
      "fpr_std": 0.0,
      "time_mean": 0.5734292964140574,
      "coverage_mean": 1.0,
      "n_seeds_with_deg": 3
    },
    "random_0.2": {
      "fnr_mean": 0.8750992063492063,
      "fnr_std": 0.022391204873376782,
      "fnr_per_seed": [
        0.84375,
        0.8869047619047619,
        0.8946428571428572
      ],
      "fpr_mean": 0.0,
      "fpr_std": 0.0,
      "time_mean": 0.08005985617637634,
      "coverage_mean": 0.14285714285714285,
      "n_seeds_with_deg": 3
    },
    "random_0.3": {
      "fnr_mean": 0.714781746031746,
      "fnr_std": 0.04242669452021113,
      "fnr_per_seed": [
        0.6875,
        0.6821428571428572,
        0.774702380952381
      ],
      "fpr_mean": 0.0,
      "fpr_std": 0.0,
      "time_mean": 0.17061225573221842,
      "coverage_mean": 0.2857142857142857,
      "n_seeds_with_deg": 3
    },
    "random_0.5": {
      "fnr_mean": 0.5607142857142856,
      "fnr_std": 0.02457595780823177,
      "fnr_per_seed": [
        0.5625,
        0.5898809523809524,
        0.5297619047619048
      ],
      "fpr_mean": 0.0,
      "fpr_std": 0.0,
      "time_mean": 0.24472261468569437,
      "coverage_mean": 0.42857142857142855,
      "n_seeds_with_deg": 3
    }
  },
  "best_method": "cosine_0.005",
  "best_fnr": 0.0,
  "kill_criteria": {
    "k1_fnr": 0.0,
    "k1_kill": false,
    "k2_time": 0.5734292964140574,
    "k2_kill": false,
    "overall": true
  },
  "per_seed_results": [
    {
      "seed": 42,
      "n_degraded": 53,
      "n_total_pairs": 56,
      "degradation_rate": 0.9464285714285714,
      "correlation": {
        "pearson": -0.444428361690207,
        "spearman_r": -0.609587705760062,
        "spearman_p": 6.149643303714495e-07
      },
      "base_losses": {
        "arithmetic": 1.4508613906959555,
        "reverse": 1.211779975721988,
        "repeat": 0.5074560454410199,
        "sort": 1.0868243325278732,
        "parity": 0.49596823777602217,
        "subtract": 1.8472646844850937,
        "multiply": 0.6913829710124886,
        "length": 1.6056851980264397
      },
      "composed_losses": {
        "arithmetic": 46.48060518308586,
        "reverse": 26.101259647782587,
        "repeat": 26.50817154598834,
        "sort": 26.016618469430956,
        "parity": 32.04626775623531,
        "subtract": 43.37168274832608,
        "multiply": 35.701268370864064,
        "length": 23.04599220780017
      },
      "methods": {
        "full_eval": {
          "fnr_all": 0.0,
          "fnr_where_degraded": 0.0,
          "fpr_mean": 0.0,
          "time_mean": 0.5830704271793365,
          "coverage_mean": 1.0,
          "n_with_degradation": 8
        },
        "canary": {
          "fnr_all": 0.017857142857142856,
          "fnr_where_degraded": 0.017857142857142856,
          "fpr_mean": 0.041666666666666664,
          "time_mean": 0.11596128344535828,
          "coverage_mean": 1.0,
          "n_with_degradation": 8
        },
        "cosine_0.005": {
          "fnr_all": 0.0,
          "fnr_where_degraded": 0.0,
          "fpr_mean": 0.0,
          "time_mean": 0.573060154914856,
          "coverage_mean": 1.0,
          "n_with_degradation": 8
        },
        "cosine_0.01": {
          "fnr_all": 0.0,
          "fnr_where_degraded": 0.0,
          "fpr_mean": 0.0,
          "time_mean": 0.5784103274345398,
          "coverage_mean": 1.0,
          "n_with_degradation": 8
        },
        "cosine_0.02": {
          "fnr_all": 0.0,
          "fnr_where_degraded": 0.0,
          "fpr_mean": 0.0,
          "time_mean": 0.5723077654838562,
          "coverage_mean": 1.0,
          "n_with_degradation": 8
        },
        "cosine_0.05": {
          "fnr_all": 0.03571428571428571,
          "fnr_where_degraded": 0.03571428571428571,
          "fpr_mean": 0.0,
          "time_mean": 0.5560459792613983,
          "coverage_mean": 0.9642857142857143,
          "n_with_degradation": 8
        },
        "cosine_0.1": {
          "fnr_all": 0.3125,
          "fnr_where_degraded": 0.3125,
          "fpr_mean": 0.0,