{
  "experiment": "entropy_gated_expert_selection",
  "model": "microsoft/BitNet-b1.58-2B-4T",
  "n_domains": 5,
  "domains": [
    "python",
    "math",
    "medical",
    "legal",
    "creative"
  ],
  "lora_rank": 16,
  "timestamp": "2026-03-26 03:03:21",
  "entropy_analysis": {
    "n_tokens": 13652,
    "entropy_mean": 1.7620000122016781,
    "entropy_std": 1.5270759391877406,
    "entropy_min": 1.825392246246338e-07,
    "entropy_max": 8.4375,
    "entropy_percentiles": {
      "p5": 0.00390625,
      "p10": 0.0233154296875,
      "p25": 0.40771484375,
      "p50": 1.53125,
      "p75": 2.71875,
      "p90": 3.8125,
      "p95": 4.59375
    },
    "otsu_threshold": 2.102779522613065,
    "f_skip_at_otsu": 0.6311163199531205,
    "cv": 0.8666719231628199,
    "otsu_eta": 0.6804386174113283,
    "K1_cv_pass": true,
    "K1_eta_pass": true,
    "K1_pass": true,
    "domain_entropy_stats": {
      "python": {
        "n_tokens": 2030,
        "mean": 0.7864368053804625,
        "std": 1.2658100294874208,
        "f_skip_at_otsu": 0.8901477832512316
      },
      "math": {
        "n_tokens": 2112,
        "mean": 1.2698983770908054,
        "std": 1.5283379263221522,
        "f_skip_at_otsu": 0.7571022727272727
      },
      "medical": {
        "n_tokens": 1500,
        "mean": 1.944430633544922,
        "std": 1.6469656589540815,
        "f_skip_at_otsu": 0.5906666666666667
      },
      "legal": {
        "n_tokens": 3470,
        "mean": 2.6121310374235214,
        "std": 1.5340400463839379,
        "f_skip_at_otsu": 0.3740634005763689
      },
      "creative": {
        "n_tokens": 4540,
        "mean": 1.7170906231414511,
        "std": 1.1877745895748435,
        "f_skip_at_otsu": 0.6665198237885462
      }
    },
    "time_s": 7.9
  },
  "ppl_comparison": {
    "base_ppls": {
      "python": 2.7411,
      "math": 5.5437,
      "medical": 6.9485,
      "legal": 21.8489,
      "creative": 6.3449
    },
    "compose_ppls": {
      "python": 2.5133,
      "math": 4.9552,
      "medical": 6.1959,
      "legal": 20.4121,
      "creative": 5.9623
    },
    "avg_base_ppl": 8.6854,
    "avg_compose_ppl_arithmetic": 8.0078,
    "tw_compose_ppl": 6.9965,
    "tw_base_ppl": 7.5855,
    "threshold_results": {
      "p10": {
        "threshold": 0.0233154296875,
        "gated_ppl": 7.0003,
        "f_skip": 0.0997,
        "n_skipped": 1361,
        "n_total": 13652
      },
      "p20": {
        "threshold": 0.21484375,
        "gated_ppl": 7.0104,
        "f_skip": 0.2,
        "n_skipped": 2730,
        "n_total": 13652
      },
      "p30": {
        "threshold": 0.63671875,
        "gated_ppl": 7.0244,
        "f_skip": 0.2997,
        "n_skipped": 4092,
        "n_total": 13652
      },
      "otsu": {
        "threshold": 2.102779522613065,
        "gated_ppl": 7.0756,
        "f_skip": 0.6311,
        "n_skipped": 8616,
        "n_total": 13652
      },
      "p50": {
        "threshold": 1.53125,
        "gated_ppl": 7.0524,
        "f_skip": 0.4992,
        "n_skipped": 6815,
        "n_total": 13652
      },
      "p70": {
        "threshold": 2.453125,
        "gated_ppl": 7.0888,
        "f_skip": 0.6976,
        "n_skipped": 9523,
        "n_total": 13652
      }
    },
    "best_threshold": "p70",
    "domain_gated_results": {
      "python": {
        "gated_ppl": 2.5473,
        "compose_ppl": 2.5133,
        "f_skip": 0.8901,
        "degradation_pct": 1.35,
        "n_tokens": 2030
      },
      "math": {
        "gated_ppl": 5.0474,
        "compose_ppl": 4.9552,
        "f_skip": 0.7571,
        "degradation_pct": 1.86,
        "n_tokens": 2112
      },
      "medical": {
        "gated_ppl": 6.2465,
        "compose_ppl": 6.1959,
        "f_skip": 0.5907,
        "degradation_pct": 0.82,
        "n_tokens": 1500
      },
      "legal": {
        "gated_ppl": 20.5196,
        "compose_ppl": 20.4121,
        "f_skip": 0.3741,
        "degradation_pct": 0.53,
        "n_tokens": 3470
      },
      "creative": {
        "gated_ppl": 6.0374,
        "compose_ppl": 5.9623,
        "f_skip": 0.6665,
        "degradation_pct": 1.26,
        "n_tokens": 4540
      }
    },
    "K2_pass_otsu": true,
    "K2_degradation_otsu_pct": 1.13,
    "K2_pass_best": true,
    "K3_pass_otsu": true,
    "K3_pass_best": true,
    "S1_pass": true,
    "S1_threshold": "p50",
    "S2_pass": true,
    "time_s": 25.8
  },
  "timing": {
    "base_time_s": 0.512,
    "compose_time_s": 0.516,
    "gated_time_s": 1.09,
    "ms_per_seq_base": 51.2,
    "ms_per_seq_compose": 51.6,
    "ms_per_seq_gated": 109.0,
    "speedup_vs_compose": -1.1147,
    "S3_pass": false,
    "n_sequences": 10,
    "n_trials": 3
  },
  "K1_pass": true,
  "K2_pass": true,
  "K3_pass": true,
  "S1_pass": true,
  "S2_pass": true,
  "S3_pass": false,
  "verdict": "SUPPORTED",
  "kill_reasons": null,
  "total_time_s": 41.1
}