{
  "config": {
    "d": 64,
    "r": 4,
    "seeds": [
      42,
      123,
      314
    ],
    "n_domains": 5
  },
  "per_seed": [
    {
      "seed": 42,
      "d": 64,
      "r": 4,
      "L": 2,
      "n_domains": 5,
      "domains": {
        "arithmetic": {
          "fp16_base_ppl": 6.333332470806036,
          "fp16_single_ppl": 3.737739127132714,
          "fp16_composed_ppl": 6.590651222240612,
          "fp16_composed_ratio": 1.0406292820755432,
          "fp16_composed_vs_single_ratio": 1.763272127366582,
          "fp16_sum_ppl": 1124.3268592543159,
          "ternary_base_ppl": 8.790840124685596,
          "ternary_single_ppl": 3.644298771586671,
          "ternary_composed_ppl": 6.352501811604129,
          "ternary_composed_ratio": 0.7226273850397575,
          "ternary_composed_vs_single_ratio": 1.7431341966614742,
          "ternary_sum_ppl": 4354.17437782139
        },
        "reverse": {
          "fp16_base_ppl": 4.521009672377227,
          "fp16_single_ppl": 2.725226477156433,
          "fp16_composed_ppl": 4.0513114828439765,
          "fp16_composed_ratio": 0.8961076786888901,
          "fp16_composed_vs_single_ratio": 1.4865962578901744,
          "fp16_sum_ppl": 2067.143855904146,
          "ternary_base_ppl": 7.89442824716033,
          "ternary_single_ppl": 2.7204166414596203,
          "ternary_composed_ppl": 4.393357192060878,
          "ternary_composed_ratio": 0.5565136643861692,
          "ternary_composed_vs_single_ratio": 1.6149574756694818,
          "ternary_sum_ppl": 29699.690415116806
        },
        "repeat": {
          "fp16_base_ppl": 1.985708149607945,
          "fp16_single_ppl": 1.3613455382259727,
          "fp16_composed_ppl": 2.7469464720262273,
          "fp16_composed_ratio": 1.383358613182194,
          "fp16_composed_vs_single_ratio": 2.017817221927278,
          "fp16_sum_ppl": 368.30308040739067,
          "ternary_base_ppl": 6.11737954932327,
          "ternary_single_ppl": 1.3667361529192186,
          "ternary_composed_ppl": 4.416108939553936,
          "ternary_composed_ratio": 0.7218955279703815,
          "ternary_composed_vs_single_ratio": 3.23113494153319,
          "ternary_sum_ppl": 37826.01174859095
        },
        "sort": {
          "fp16_base_ppl": 4.9196195943639385,
          "fp16_single_ppl": 2.6791825643238005,
          "fp16_composed_ppl": 4.232801883285189,
          "fp16_composed_ratio": 0.8603921100189154,
          "fp16_composed_vs_single_ratio": 1.5798855739244881,
          "fp16_sum_ppl": 1292.5697276033904,
          "ternary_base_ppl": 7.410329898818769,
          "ternary_single_ppl": 2.5089610968558085,
          "ternary_composed_ppl": 3.7570976147042954,
          "ternary_composed_ratio": 0.5070081448469911,
          "ternary_composed_vs_single_ratio": 1.4974714511965261,
          "ternary_sum_ppl": 46162.52283743315
        },
        "parity": {
          "fp16_base_ppl": 1.7950461429925715,
          "fp16_single_ppl": 1.5131143356677075,
          "fp16_composed_ppl": 1.7498952224240323,
          "fp16_composed_ratio": 0.9748469304007602,
          "fp16_composed_vs_single_ratio": 1.1564857864173483,
          "fp16_sum_ppl": 554978.2497172444,
          "ternary_base_ppl": 3.9611368823650874,
          "ternary_single_ppl": 1.5060276919510742,
          "ternary_composed_ppl": 2.7445939395254477,
          "ternary_composed_ratio": 0.6928803575923701,
          "ternary_composed_vs_single_ratio": 1.8224060249315857,
          "ternary_sum_ppl": 1474.6685677460682
        }
      },
      "diagnostics": {
        "fp16_delta_norms": {
          "arithmetic": 11.441892660369017,
          "reverse": 12.002199082525847,
          "repeat": 8.441534996032715,
          "sort": 10.728900416923542,
          "parity": 10.08408968139565
        },
        "ternary_delta_norms": {
          "arithmetic": 10.048940642115516,
          "reverse": 12.703210042330847,
          "repeat": 8.726451204143565,
          "sort": 9.533120693095698,
          "parity": 7.35014208569236
        },
        "fp16_delta_norm_cv": 0.11696355268862242,
        "ternary_delta_norm_cv": 0.18282123160449382,
        "fp16_mean_cos": 0.27797685583158344,
        "ternary_mean_cos": 0.2952110806172247,
        "fp16_max_cos": 0.7103503666127783,
        "ternary_max_cos": 0.8331472067243828,
        "fp16_delta_norm_ratio_max_min": 1.4218029171432145,
        "ternary_delta_norm_ratio_max_min": 1.7282944865866827
      },
      "kill_criteria": {
        "K1_fp16_max_composed_base_ratio": 1.383358613182194,
        "K1_ternary_max_composed_base_ratio": 0.7226273850397575,
        "K1_ternary_threshold": 100.0,
        "K1_ternary_pass": true,
        "K2_ternary_domains_above_10x": 0,
        "K2_ternary_threshold": 2.5,
        "K2_ternary_pass": true,
        "K3_pass": true
      },
      "comparison": {
        "fp16_mean_composed_base_ratio": 1.0310669228732607,
        "ternary_mean_composed_base_ratio": 0.6401850159671338,
        "stability_improvement_factor": 1.6105764695470381,
        "ternary_helps": true
      }
    },
    {
      "seed": 123,
      "d": 64,
      "r": 4,
      "L": 2,
      "n_domains": 5,
      "domains": {
        "arithmetic": {
          "fp16_base_ppl": 5.124809479897991,
          "fp16_single_ppl": 4.054982663281925,
          "fp16_composed_ppl": 5.131688527344731,
          "fp16_composed_ratio": 1.0013423030599915,
          "fp16_composed_vs_single_ratio": 1.2655266257516788,
          "fp16_sum_ppl": 16749.40589395107,
          "ternary_base_ppl": 9.122194220393201,
          "ternary_single_ppl": 3.5225619636843817,
          "ternary_composed_ppl": 8.388054916389072,
          "ternary_composed_ratio": 0.9195216319377505,
          "ternary_composed_vs_single_ratio": 2.3812370095587148,
          "ternary_sum_ppl": 8365.427495815627
        },
        "reverse": {
          "fp16_base_ppl": 5.610490596687779,
          "fp16_single_ppl": 2.7874833995693957,
          "fp16_composed_ppl": 4.632618712667117,
          "fp16_composed_ratio": 0.8257065283028975,
          "fp16_composed_vs_single_ratio": 1.6619358929214625,
          "fp16_sum_ppl": 1793.440304186375,
          "ternary_base_ppl": 8.766250983936706,
          "ternary_single_ppl": 2.761821899281965,
          "ternary_composed_ppl": 4.705069261774998,
          "ternary_composed_ratio": 0.5367253653125579,
          "ternary_composed_vs_single_ratio": 1.7036106719981654,
          "ternary_sum_ppl": 22715.514252990015
        },
        "repeat": {
          "fp16_base_ppl": 1.821953579877521,
          "fp16_single_ppl": 1.3912594484904401,
          "fp16_composed_ppl": 2.2254437680747134,
          "fp16_composed_ratio": 1.22146019122195,
          "fp16_composed_vs_single_ratio": 1.5995893292867762,
          "fp16_sum_ppl": 4604.181620973615,
          "ternary_base_ppl": 6.24191413891072,
          "ternary_single_ppl": 1.3808645024516526,
          "ternary_composed_ppl": 3.5328352126358116,
          "ternary_composed_ratio": 0.5659858713231721,
          "ternary_composed_vs_single_ratio": 2.5584227897548586,
          "ternary_sum_ppl": 6067.970457240276
        },
        "sort": {
          "fp16_base_ppl": 4.442448382406709,
          "fp16_single_ppl": 2.7256532367187005,
          "fp16_composed_ppl": 3.9164788461806572,
          "fp16_composed_ratio": 0.8816036809096011,
          "fp16_composed_vs_single_ratio": 1.4368954911137346,
          "fp16_sum_ppl": 1325.9743827702964,
          "ternary_base_ppl": 7.166434336812763,
          "ternary_single_ppl": 2.5741707623323866,
          "ternary_composed_ppl": 3.5587927636809193,
          "ternary_composed_ratio": 0.4965918330403171,
          "ternary_composed_vs_single_ratio": 1.3825006544850946,
          "ternary_sum_ppl": 29787.849393955777
        },
        "parity": {
          "fp16_base_ppl": 1.7652564941431241,
          "fp16_single_ppl": 1.5816106062592679,