{
  "n_seeds": 10,
  "config": {
    "d": 64,
    "r": 8,
    "n_train": 1000,
    "n_eval": 500,
    "n_experts": 4,
    "steps": 500,
    "lr": 0.01,
    "coverage_levels": {
      "low": 5,
      "high": 20
    },
    "noise_levels": {
      "low": 0.05,
      "high": 0.3
    }
  },
  "conditions": {
    "low_cov_low_noise": {
      "quality": {
        "mean": 0.02381115540198156,
        "std": 0.0034578897744166935,
        "ci95": 0.002143222286652667,
        "per_seed": [
          0.021038737650856065,
          0.016203505181907912,
          0.02850214978486737,
          0.022945187395688765,
          0.02711803571280469,
          0.028024616767236193,
          0.022893917734615854,
          0.022953246637591546,
          0.024789696030499547,
          0.023642461123747655
        ]
      },
      "effective_rank": {
        "mean": 62.7502056941349,
        "std": 0.10501885650374891
      }
    },
    "low_cov_high_noise": {
      "quality": {
        "mean": 0.023424625855850666,
        "std": 0.0027900694111542344,
        "ci95": 0.0017293029371655874,
        "per_seed": [
          0.02377658419596057,
          0.026489625420758417,
          0.024219206481995825,
          0.017019420527186135,
          0.021690536514379466,
          0.026825604949150733,
          0.024010802868400183,
          0.02541463783227524,
          0.024086816748331685,
          0.020713023020068416
        ]
      },
      "effective_rank": {
        "mean": 62.780195409937974,
        "std": 0.13765559467466112
      }
    },
    "high_cov_low_noise": {
      "quality": {
        "mean": 0.06006043566794158,
        "std": 0.007431861570389492,
        "ci95": 0.00460631552423129,
        "per_seed": [
          0.06019326270710321,
          0.07276664220172241,
          0.055939824891389905,
          0.07263346983599556,
          0.05200867581713289,
          0.0507193612259223,
          0.06111676692477344,
          0.05257316966678777,
          0.06261731177669358,
          0.060035871631894694
        ]
      },
      "effective_rank": {
        "mean": 63.44919585562036,
        "std": 0.00547469026791201
      }
    },
    "high_cov_high_noise": {
      "quality": {
        "mean": 0.05843512532144572,
        "std": 0.009455428552603241,
        "ci95": 0.00586053533392623,
        "per_seed": [
          0.04333566482055198,
          0.07303202687772911,
          0.06735945389602033,
          0.07201891898810148,
          0.04765320643880597,
          0.06079670283179797,
          0.05254421980077248,
          0.05300776320790643,
          0.057668776502567215,
          0.05693451985020426
        ]
      },
      "effective_rank": {
        "mean": 63.45632454236602,
        "std": 0.006714311148988186
      }
    }
  },
  "anova": {
    "cell_means": {
      "low_cov_low_noise": 0.02381115540198156,
      "low_cov_high_noise": 0.023424625855850666,
      "high_cov_low_noise": 0.06006043566794158,
      "high_cov_high_noise": 0.05843512532144572
    },
    "grand_mean": 0.04143283556180488,
    "main_effects": {
      "coverage": 0.03562988986577753,
      "noise": 0.0010059199463133828
    },
    "interaction": -0.0006193904001824818,
    "simple_effects": {
      "coverage_at_low_noise": 0.03624928026596002,
      "coverage_at_high_noise": 0.035010499465595056,
      "noise_at_low_cov": 0.000386529546130894,
      "noise_at_high_cov": 0.0016253103464958576
    },
    "variance_explained_pct": {
      "coverage": 99.89019306412281,
      "noise": 0.07961973583430579,
      "interaction": 0.03018720004286247
    },
    "total_gap": 0.03462396991946416
  },
  "effects_distribution": {
    "coverage": {
      "mean": 0.035629889865777545,
      "std": 0.008857642384547927,
      "ci95": 0.00549002362834563
    },
    "noise": {
      "mean": 0.001005919946313373,
      "std": 0.004094961615935539,
      "ci95": 0.002538083504914712
    },
    "interaction": {
      "mean": -0.0006193904001824804,
      "std": 0.00497037259033371,
      "ci95": 0.0030806688482046033
    },
    "variance_explained_pct": {
      "coverage": {
        "mean": 96.23751549161987,
        "std": 4.066338464179472
      },
      "noise": {
        "mean": 1.596727042917942,
        "std": 1.4672671772006032
      },
      "interaction": {
        "mean": 2.1657574654621756,
        "std": 2.9109257247550917
      }
    }
  },
  "statistical_tests": {
    "coverage_at_low_noise": {
      "mean_diff": 0.03624928026596001,
      "std_diff": 0.010762299443446643,
      "t_stat": 10.651096430143307,
      "p_value": 2.111606136961725e-06,
      "significant_005": true,
      "n": 10
    },
    "coverage_at_high_noise": {
      "mean_diff": 0.035010499465595056,
      "std_diff": 0.01065001221799979,
      "t_stat": 10.395567447732143,
      "p_value": 2.5884147956318854e-06,
      "significant_005": true,
      "n": 10
    },
    "noise_at_low_cov": {
      "mean_diff": 0.0003865295461308926,
      "std_diff": 0.0048595980798656286,
      "t_stat": 0.2515256876466917,
      "p_value": 0.807056840397018,
      "significant_005": false,
      "n": 10
    },
    "noise_at_high_cov": {
      "mean_diff": 0.0016253103464958535,
      "std_diff": 0.00827932528768711,
      "t_stat": 0.620785199393968,
      "p_value": 0.5501366231710588,
      "significant_005": false,
      "n": 10
    },
    "coverage_main": {
      "mean": 0.035629889865777545,
      "std": 0.009336774878138828,
      "t_stat": 12.067507916531,
      "p_value": 7.340482169468821e-07,
      "significant_005": true,
      "n": 10
    },
    "noise_main": {
      "mean": 0.001005919946313373,
      "std": 0.004316468545773321,
      "t_stat": 0.736944597281818,
      "p_value": 0.4799251781309285,
      "significant_005": false,
      "n": 10
    },
    "interaction": {
      "mean": -0.0006193904001824804,
      "std": 0.005239232735041843,
      "t_stat": -0.37384947843974087,
      "p_value": 0.7171713677318792,
      "significant_005": false,
      "n": 10
    }
  },
  "kill_criteria": {
    "K1": {
      "desc": "coverage alone explains <50% of the quality gap",
      "coverage_pct": 96.2,
      "threshold": 50,
      "killed": false,
      "verdict": "SURVIVES"
    },
    "K2": {
      "desc": "noise alone explains >80% of the gap",
      "noise_pct": 1.6,
      "threshold": 80,
      "killed": false,
      "verdict": "SURVIVES"
    }
  }
}