{
  "model": "Qwen/Qwen2.5-0.5B",
  "n_adapters": 10,
  "finetune_steps": 100,
  "rank_results": {
    "4": {
      "global_mean_cos": 8.345861052576867e-05,
      "global_std_cos": 0.0035883902146169283,
      "global_max_cos": 0.007403961382806301,
      "global_min_cos": -0.006072917953133583,
      "D_global": 2199552,
      "expected_cos": 0.0026970740750131444,
      "ratio_actual_expected": 0.030944129899495593,
      "n_pairs": 45,
      "per_layer": {
        "0": {
          "mean_cos": 0.0012688752729445695,
          "std_cos": 0.012761082245115603,
          "D": 91648,
          "expected": 0.013212910564542248
        },
        "1": {
          "mean_cos": -0.002360418384584288,
          "std_cos": 0.014745913572822235,
          "D": 91648,
          "expected": 0.013212910564542248
        },
        "2": {
          "mean_cos": 0.0017890154746257596,
          "std_cos": 0.008914468551688988,
          "D": 91648,
          "expected": 0.013212910564542248
        },
        "3": {
          "mean_cos": 1.2627293148802387e-05,
          "std_cos": 0.012488484988237914,
          "D": 91648,
          "expected": 0.013212910564542248
        },
        "4": {
          "mean_cos": -0.0037521571645306217,
          "std_cos": 0.013317524808613396,
          "D": 91648,
          "expected": 0.013212910564542248
        },
        "5": {
          "mean_cos": -0.003824865396341516,
          "std_cos": 0.018290394877506277,
          "D": 91648,
          "expected": 0.013212910564542248
        },
        "6": {
          "mean_cos": -0.00011351844295859337,
          "std_cos": 0.012733900241862819,
          "D": 91648,
          "expected": 0.013212910564542248
        },
        "7": {
          "mean_cos": 0.0029497230063296027,
          "std_cos": 0.010557740275724842,
          "D": 91648,
          "expected": 0.013212910564542248
        },
        "8": {
          "mean_cos": 0.001556843767563502,
          "std_cos": 0.011735079132801174,
          "D": 91648,
          "expected": 0.013212910564542248
        },
        "9": {
          "mean_cos": 0.0017460675159883168,
          "std_cos": 0.012996287096766665,
          "D": 91648,
          "expected": 0.013212910564542248
        },
        "10": {
          "mean_cos": 0.0020761454581386513,
          "std_cos": 0.011278841624684042,
          "D": 91648,
          "expected": 0.013212910564542248
        },
        "11": {
          "mean_cos": 6.421373174008396e-05,
          "std_cos": 0.013329030742359436,
          "D": 91648,
          "expected": 0.013212910564542248
        },
        "12": {
          "mean_cos": -0.0003063254135971268,
          "std_cos": 0.013230681538270943,
          "D": 91648,
          "expected": 0.013212910564542248
        },
        "13": {
          "mean_cos": 0.0002804348064172599,
          "std_cos": 0.015652213273261904,
          "D": 91648,
          "expected": 0.013212910564542248
        },
        "14": {
          "mean_cos": -0.0017291114380997088,
          "std_cos": 0.015349064645159588,
          "D": 91648,
          "expected": 0.013212910564542248
        },
        "15": {
          "mean_cos": 0.001714729160691301,
          "std_cos": 0.017624964582448624,
          "D": 91648,
          "expected": 0.013212910564542248
        },
        "16": {
          "mean_cos": 0.00033185376475254694,
          "std_cos": 0.01846686066195032,
          "D": 91648,
          "expected": 0.013212910564542248
        },
        "17": {
          "mean_cos": 0.001589127968893283,
          "std_cos": 0.017424301452656256,
          "D": 91648,
          "expected": 0.013212910564542248
        },
        "18": {
          "mean_cos": -0.0015812101566957102,
          "std_cos": 0.016300713666982398,
          "D": 91648,
          "expected": 0.013212910564542248
        },
        "19": {
          "mean_cos": -0.0017878329898748132,
          "std_cos": 0.018638373026709815,
          "D": 91648,
          "expected": 0.013212910564542248
        },
        "20": {
          "mean_cos": -0.004194712054191364,
          "std_cos": 0.02777535115390532,
          "D": 91648,
          "expected": 0.013212910564542248
        },
        "21": {
          "mean_cos": -0.0005153793479419417,
          "std_cos": 0.016920167661689144,
          "D": 91648,
          "expected": 0.013212910564542248
        },
        "22": {
          "mean_cos": 0.0035441618231642578,
          "std_cos": 0.01873269715379439,
          "D": 91648,
          "expected": 0.013212910564542248
        },
        "23": {
          "mean_cos": 0.003114311720451547,
          "std_cos": 0.02097403919093305,
          "D": 91648,
          "expected": 0.013212910564542248
        }
      }
    },
    "8": {
      "global_mean_cos": 9.53383798736872e-05,
      "global_std_cos": 0.0015477276506345764,
      "global_max_cos": 0.0032770303077995777,
      "global_min_cos": -0.0034593744203448296,
      "D_global": 4399104,
      "expected_cos": 0.0038142387356084584,
      "ratio_actual_expected": 0.024995388721644488,
      "n_pairs": 45,
      "per_layer": {
        "0": {
          "mean_cos": -0.0004997352474472589,
          "std_cos": 0.005065996207905418,
          "D": 183296,
          "expected": 0.018685877318798397
        },
        "1": {
          "mean_cos": -0.0004369999088036517,
          "std_cos": 0.006223576827990944,
          "D": 183296,
          "expected": 0.018685877318798397
        },
        "2": {
          "mean_cos": -0.0007730288482788537,
          "std_cos": 0.00548352393855862,
          "D": 183296,
          "expected": 0.018685877318798397
        },
        "3": {
          "mean_cos": -0.0001776368383111225,
          "std_cos": 0.006028597172274754,
          "D": 183296,
          "expected": 0.018685877318798397
        },
        "4": {
          "mean_cos": -0.0017617424251511692,
          "std_cos": 0.006306599418575605,
          "D": 183296,
          "expected": 0.018685877318798397
        },
        "5": {
          "mean_cos": -0.0008935180790204969,
          "std_cos": 0.006371603088639613,
          "D": 183296,
          "expected": 0.018685877318798397
        },
        "6": {
          "mean_cos": 5.0628795805904604e-05,
          "std_cos": 0.006046914669139279,
          "D": 183296,
          "expected": 0.018685877318798397
        },
        "7": {
          "mean_cos": 0.0009379196614544425,
          "std_cos": 0.005729718641005566,
          "D": 183296,
          "expected": 0.018685877318798397
        },
        "8": {
          "mean_cos": -0.00032528193874491586,
          "std_cos": 0.006674398423969898,
          "D": 183296,
          "expected": 0.018685877318798397
        },
        "9": {
          "mean_cos": 5.155386881799334e-05,
          "std_cos": 0.006238030624286039,
          "D": 183296,
          "expected": 0.018685877318798397
        },
        "10": {
          "mean_cos": -0.0012339615560550657,
          "std_cos": 0.005870529594642039,
          "D": 183296,
          "expected": 0.018685877318798397
        },
        "11": {
          "mean_cos": 0.00108712355269947,
          "std_cos": 0.006070523151946205,
          "D": 183296,
          "expected": 0.018685877318798397
        },
        "12": {
          "mean_cos": -0.0002593947574496269,
          "std_cos": 0.006286234503943085,
          "D": 183296,
          "expected": 0.018685877318798397
        },
        "13": {
          "mean_cos": 0.0014210702618584036,
          "std_cos": 0.0060664223105248325,
          "D": 183296,
          "expected": 0.018685877318798397
        },
        "14": {
          "mean_cos": 9.878171711332268e-05,
          "std_cos": 0.007863373953203192,
          "D": 183296,
          "expected": 0.018685877318798397
        },
        "15": {
          "mean_cos": -0.00018679457845994168,
          "std_cos": 0.008709006595371499,
          "D": 183296,