{
  "experiment": "pathway_graph_bitnet2b",
  "model": "microsoft/BitNet-b1.58-2B-4T",
  "target_layer": 15,
  "top_k_directions": 100,
  "n_inputs": 2250,
  "epsilon_fraction": 0.5,
  "energy_captured": 0.6263096249329646,
  "singular_values_top10": [
    48273.78799969437,
    43225.217976414235,
    38608.54149465719,
    26060.89881486193,
    23200.708771236794,
    20850.088971952304,
    19429.448860942317,
    17777.705717629215,
    16176.421342738939,
    15570.3786750306
  ],
  "persistence_stats": {
    "total_features": 91,
    "above_0.1": 91,
    "above_0.05": 91,
    "above_0.01": 91,
    "max": 0.982758641242981,
    "median": 0.8724138140678406,
    "mean": 0.867563471689329,
    "top_10_persistence": [
      0.982758641242981,
      0.982758641242981,
      0.9689655303955078,
      0.9689655303955078,
      0.9655172228813171,
      0.9655172228813171,
      0.9655172228813171,
      0.9620689749717712,
      0.9586206674575806,
      0.951724112033844
    ]
  },
  "persistence_diagram": [
    [
      0.0,
      0.6517241597175598
    ],
    [
      0.0,
      0.682758629322052
    ],
    [
      0.0,
      0.7068965435028076
    ],
    [
      0.0,
      0.7241379022598267
    ],
    [
      0.0,
      0.7344827651977539
    ],
    [
      0.0,
      0.748275876045227
    ],
    [
      0.0,
      0.7551724314689636
    ],
    [
      0.0,
      0.7620689868927002
    ],
    [
      0.0,
      0.7689655423164368
    ],
    [
      0.0,
      0.7689655423164368
    ],
    [
      0.0,
      0.7758620977401733
    ],
    [
      0.0,
      0.7758620977401733
    ],
    [
      0.0,
      0.7793103456497192
    ],
    [
      0.0,
      0.7965517044067383
    ],
    [
      0.0,
      0.8034482598304749
    ],
    [
      0.0,
      0.8068965673446655
    ],
    [
      0.0,
      0.8068965673446655
    ],
    [
      0.0,
      0.8103448152542114
    ],
    [
      0.0,
      0.8137931227684021
    ],
    [
      0.0,
      0.8137931227684021
    ],
    [
      0.0,
      0.8137931227684021
    ],
    [
      0.0,
      0.8137931227684021
    ],
    [
      0.0,
      0.817241370677948
    ],
    [
      0.0,
      0.8310344815254211
    ],
    [
      0.0,
      0.8310344815254211
    ],
    [
      0.0,
      0.834482729434967
    ],
    [
      0.0,
      0.834482729434967
    ],
    [
      0.0,
      0.8379310369491577
    ],
    [
      0.0,
      0.8379310369491577
    ],
    [
      0.0,
      0.8379310369491577
    ],
    [
      0.0,
      0.8413792848587036
    ],
    [
      0.0,
      0.8413792848587036
    ],
    [
      0.0,
      0.8448275923728943
    ],
    [
      0.0,
      0.8482758402824402
    ],
    [
      0.0,
      0.8482758402824402
    ],
    [
      0.0,
      0.8551723957061768
    ],
    [
      0.0,
      0.8551723957061768
    ],
    [
      0.0,
      0.8586207032203674
    ],
    [
      0.0,
      0.8620689511299133
    ],
    [
      0.0,
      0.8620689511299133
    ],
    [
      0.0,
      0.8620689511299133
    ],
    [
      0.0,
      0.8620689511299133
    ],
    [
      0.0,
      0.8689655065536499
    ],
    [
      0.0,
      0.8724138140678406
    ],
    [
      0.0,
      0.8724138140678406
    ],
    [
      0.0,
      0.8724138140678406
    ],
    [
      0.0,
      0.8724138140678406
    ],
    [
      0.0,
      0.8724138140678406
    ],
    [
      0.0,
      0.8758620619773865
    ],
    [
      0.0,
      0.8793103694915771
    ],
    [
      0.0,
      0.8793103694915771
    ],
    [
      0.0,
      0.8793103694915771
    ],
    [
      0.0,
      0.8931034207344055
    ],
    [
      0.0,
      0.8965517282485962
    ],
    [
      0.0,
      0.8965517282485962
    ],
    [
      0.0,
      0.8999999761581421
    ],
    [
      0.0,
      0.9034482836723328
    ],
    [
      0.0,
      0.9068965315818787
    ],
    [
      0.0,
      0.9068965315818787
    ],
    [
      0.0,
      0.9068965315818787
    ],
    [
      0.0,
      0.9068965315818787
    ],
    [
      0.0,
      0.9103448390960693
    ],
    [
      0.0,
      0.9137930870056152
    ],
    [
      0.0,
      0.9137930870056152
    ],
    [
      0.0,
      0.9137930870056152
    ],
    [
      0.0,
      0.9172413945198059
    ],
    [
      0.0,
      0.9206896424293518
    ],
    [
      0.0,
      0.9206896424293518
    ],
    [
      0.0,
      0.9241379499435425
    ],
    [
      0.0,
      0.931034505367279
    ],
    [
      0.0,
      0.931034505367279
    ],
    [
      0.0,
      0.934482753276825
    ],
    [
      0.0,
      0.934482753276825
    ],
    [
      0.0,
      0.934482753276825
    ],
    [
      0.0,
      0.9379310607910156
    ],
    [
      0.0,
      0.9379310607910156
    ],
    [
      0.0,
      0.9379310607910156
    ],
    [
      0.0,
      0.9379310607910156
    ],
    [
      0.0,
      0.9448275566101074
    ],
    [
      0.0,
      0.9482758641242981
    ],
    [
      0.0,
      0.951724112033844
    ],
    [
      0.0,
      0.951724112033844
    ],
    [
      0.0,
      0.9586206674575806
    ],
    [
      0.0,
      0.9620689749717712
    ],
    [
      0.0,
      0.9655172228813171
    ],
    [
      0.0,
      0.9655172228813171
    ],
    [
      0.0,
      0.9655172228813171
    ],
    [
      0.0,
      0.9689655303955078
    ],
    [
      0.0,
      0.9689655303955078
    ],
    [
      0.0,
      0.982758641242981
    ],
    [
      0.0,
      0.982758641242981
    ]
  ],
  "rank_analysis": {
    "spearman_rho_persistence": -0.06682268226822682,
    "spearman_p_persistence": 0.5088916734000197,
    "spearman_rho_degree": 0.325028502850285,
    "spearman_p_degree": 0.000968614352662795,
    "top10_overlap_persistence": 2,
    "top10_overlap_degree": 4,
    "vertex_persistence_top10": [
      0.9827586206896551,
      0.9827586206896551,
      0.9827586206896551,
      0.9827586206896551,
      0.9689655172413794,
      0.9689655172413794,
      0.9689655172413794,
      0.9655172413793104,
      0.9655172413793104,
      0.9655172413793104
    ]
  },
  "domain_analysis": {
    "domain_similarities": {
      "medical-code": -0.2420986814777698,
      "medical-math": -0.37319565045635894,
      "medical-legal": -0.24410795396168483,
      "medical-finance": -0.2707076597008626,
      "code-math": -0.08714291173288524,
      "code-legal": -0.39940166777409347,
      "code-finance": -0.505760403945067,
      "math-legal": -0.4269328322938962,
      "math-finance": -0.29724436646117375,
      "legal-finance": 0.4410975195275514
    },
    "n_bridge_directions": 100,
    "n_specialist_directions": 0
  },
  "random_baseline": {
    "trials": [
      {
        "n_features": 97,
        "n_above_0.1": 97,
        "max_persistence": 0.931034505367279,
        "mean_persistence": 0.8401350895154107
      },
      {
        "n_features": 97,
        "n_above_0.1": 97,
        "max_persistence": 0.934482753276825,
        "mean_persistence": 0.8396373999487493
      },
      {
        "n_features": 98,
        "n_above_0.1": 97,
        "max_persistence": 0.7529411911964417,
        "mean_persistence": 0.4827130989228584
      },
      {
        "n_features": 98,
        "n_above_0.1": 98,
        "max_persistence": 0.79347825050354,
        "mean_persistence": 0.5068766585722262
      },
      {
        "n_features": 97,
        "n_above_0.1": 95,
        "max_persistence": 0.75,
        "mean_persistence": 0.4202319581791298
      }
    ],
    "avg_n_features": 97.4,
    "avg_n_above_0.1": 96.8,
    "avg_max_persistence": 0.8323873400688171,
    "avg_mean_persistence": 0.6179188410276748
  },
  "kill_criteria": {
    "K623": {
      "pass": false,
      "n_features_above_0.1": 91,
      "random_baseline_above_0.1": 96.8
    },
    "K624": {
      "pass": true,
      "spearman_rho_persistence": -0.06682268226822682,
      "spearman_rho_degree": 0.325028502850285
    }
  },
  "timing_s": 63.815301179885864
}