{
  "config": {
    "d": 64,
    "r": 4,
    "L": 2,
    "H": 2,
    "seeds": [
      42,
      123,
      314
    ],
    "n_domains": 5,
    "base_epochs": 30,
    "lora_epochs": 30
  },
  "per_seed": [
    {
      "seed": 42,
      "d": 64,
      "r": 4,
      "L": 2,
      "fp16": {
        "mean_cos": 0.27797685583158344,
        "max_cos": 0.7103503666127783,
        "median_cos": 0.15526165866938707,
        "pairwise": {
          "arithmetic_reverse": 0.1458993494538167,
          "arithmetic_repeat": 0.18880734321317325,
          "arithmetic_sort": 0.1621022200263756,
          "arithmetic_parity": 0.07186858987101977,
          "reverse_repeat": 0.6327540649708846,
          "reverse_sort": 0.7103503666127783,
          "reverse_parity": 0.14842109731239855,
          "repeat_sort": 0.6102952766508126,
          "repeat_parity": 0.023690201696527795,
          "sort_parity": 0.08558004850804729
        },
        "arithmetic_sort_cos": 0.1621022200263756,
        "delta_norms": {
          "arithmetic": 11.441892660369017,
          "reverse": 12.002199082525847,
          "repeat": 8.441534996032715,
          "sort": 10.728900416923542,
          "parity": 10.08408968139565
        },
        "final_losses": {
          "arithmetic": 1.3184809171738758,
          "reverse": 1.002551535544784,
          "repeat": 0.3084735769902807,
          "sort": 0.9855117346847294,
          "parity": 0.41417000079948907
        },
        "cos_matrix": [
          [
            1.0,
            0.1458993494538167,
            0.18880734321317325,
            0.1621022200263756,
            0.07186858987101977
          ],
          [
            0.1458993494538167,
            1.0,
            0.6327540649708846,
            0.7103503666127783,
            0.14842109731239855
          ],
          [
            0.18880734321317325,
            0.6327540649708846,
            1.0,
            0.6102952766508126,
            0.023690201696527795
          ],
          [
            0.1621022200263756,
            0.7103503666127783,
            0.6102952766508126,
            1.0,
            0.08558004850804729
          ],
          [
            0.07186858987101977,
            0.14842109731239855,
            0.023690201696527795,
            0.08558004850804729,
            1.0
          ]
        ]
      },
      "ternary": {
        "mean_cos": 0.2952110806172247,
        "max_cos": 0.8331472067243828,
        "median_cos": 0.19355321026085487,
        "pairwise": {
          "arithmetic_reverse": 0.15785105049913187,
          "arithmetic_repeat": 0.08781815403682851,
          "arithmetic_sort": 0.1408647506203653,
          "arithmetic_parity": 0.015957964953740453,
          "reverse_repeat": 0.6436178612067586,
          "reverse_sort": 0.8331472067243828,
          "reverse_parity": 0.2292553700225779,
          "repeat_sort": 0.5668821019224547,
          "repeat_parity": 0.04073824208067798,
          "sort_parity": 0.23597810410532868
        },
        "arithmetic_sort_cos": 0.1408647506203653,
        "delta_norms": {
          "arithmetic": 10.048940642115516,
          "reverse": 12.703210042330847,
          "repeat": 8.726451204143565,
          "sort": 9.533120693095698,
          "parity": 7.35014208569236
        },
        "final_losses": {
          "arithmetic": 1.2931639660440342,
          "reverse": 1.0007850455847194,
          "repeat": 0.3124255273490887,
          "sort": 0.9198687618259753,
          "parity": 0.40947551695836654
        },
        "cos_matrix": [
          [
            1.0,
            0.15785105049913187,
            0.08781815403682851,
            0.1408647506203653,
            0.015957964953740453
          ],
          [
            0.15785105049913187,
            1.0,
            0.6436178612067586,
            0.8331472067243828,
            0.2292553700225779
          ],
          [
            0.08781815403682851,
            0.6436178612067586,
            1.0,
            0.5668821019224547,
            0.04073824208067798
          ],
          [
            0.1408647506203653,
            0.8331472067243828,
            0.5668821019224547,
            1.0,
            0.23597810410532868
          ],
          [
            0.015957964953740453,
            0.2292553700225779,
            0.04073824208067798,
            0.23597810410532868,
            1.0
          ]
        ]
      },
      "domain_names": [
        "arithmetic",
        "reverse",
        "repeat",
        "sort",
        "parity"
      ],
      "kill_criteria": {
        "K1_fp16_mean_cos": 0.27797685583158344,
        "K1_ternary_mean_cos": 0.2952110806172247,
        "K1_pass": false,
        "K2_ternary_arith_sort_cos": 0.1408647506203653,
        "K2_threshold": 0.5,
        "K2_pass": true
      }
    },
    {
      "seed": 123,
      "d": 64,
      "r": 4,
      "L": 2,
      "fp16": {
        "mean_cos": 0.26249864746498003,
        "max_cos": 0.8036063213259573,
        "median_cos": 0.13129613425005576,
        "pairwise": {
          "arithmetic_reverse": 0.11785910629650151,
          "arithmetic_repeat": 0.10791030317888894,
          "arithmetic_sort": 0.11234230584366059,
          "arithmetic_parity": 0.018092514622270673,
          "reverse_repeat": 0.5125994787234617,
          "reverse_sort": 0.8036063213259573,
          "reverse_parity": 0.20874076715471765,
          "repeat_sort": 0.5171884622972581,
          "repeat_parity": 0.08191405300347368,
          "sort_parity": 0.14473316220361004
        },
        "arithmetic_sort_cos": 0.11234230584366059,
        "delta_norms": {
          "arithmetic": 9.432230452222422,
          "reverse": 10.994956493847617,
          "repeat": 7.916340351104736,
          "sort": 11.593936754807057,
          "parity": 8.890653661681649
        },
        "final_losses": {
          "arithmetic": 1.39994641216537,
          "reverse": 1.0251391814570767,
          "repeat": 0.3302094149523479,
          "sort": 1.0027081192837548,
          "parity": 0.4584436988831883
        },
        "cos_matrix": [
          [
            1.0,
            0.11785910629650151,
            0.10791030317888894,
            0.11234230584366059,
            0.018092514622270673
          ],
          [
            0.11785910629650151,
            1.0,
            0.5125994787234617,
            0.8036063213259573,
            0.20874076715471765
          ],
          [
            0.10791030317888894,
            0.5125994787234617,
            1.0,
            0.5171884622972581,
            0.08191405300347368
          ],
          [
            0.11234230584366059,
            0.8036063213259573,
            0.5171884622972581,
            1.0,
            0.14473316220361004
          ],
          [
            0.018092514622270673,
            0.20874076715471765,
            0.08191405300347368,
            0.14473316220361004,
            1.0
          ]
        ]
      },
      "ternary": {
        "mean_cos": 0.23547610753224682,
        "max_cos": 0.8140627106832617,
        "median_cos": 0.10901649977949292,
        "pairwise": {
          "arithmetic_reverse": 0.09666036365331819,
          "arithmetic_repeat": 0.0774379185801453,
          "arithmetic_sort": 0.09870343650590276,
          "arithmetic_parity": 0.014709971693598986,
          "reverse_repeat": 0.46012103448465863,
          "reverse_sort": 0.8140627106832617,
          "reverse_parity": 0.11932956305308308,
          "repeat_sort": 0.4426163269842562,
          "repeat_parity": 0.05152576320613452,
          "sort_parity": 0.17959398647810867
        },
        "arithmetic_sort_cos": 0.09870343650590276,
        "delta_norms": {
          "arithmetic": 8.310988109995925,
          "reverse": 11.310999527329253,
          "repeat": 6.448472834099316,
          "sort": 11.125786229639463,
          "parity": 7.664299783399436
        },