{
  "experiment": "dc_merge_energy_balancing",
  "phases": {
    "spectral_analysis": {
      "individual_ginis": {
        "medical": 0.2723034184584625,
        "code": 0.2907031221854902,
        "math": 0.27478541346750296,
        "legal": 0.28244705379505486,
        "finance": 0.2772941710388882
      },
      "individual_ratios": {
        "medical": 5.787525524209656,
        "code": 6.3532141567301075,
        "math": 5.769635956550834,
        "legal": 6.071267931500752,
        "finance": 5.880805964240064
      },
      "composed_gini_raw": 0.48951229226164494,
      "composed_ratio_raw": 146.3977768928917,
      "composed_top1_frac_raw": 0.23293994600524542,
      "elapsed_s": 29.697521924972534
    },
    "energy_smoothing": {
      "strategies": {
        "none": {
          "mean_gini": 0.48951229226164494,
          "mean_ratio": 146.3977768928917,
          "mean_top1_frac": 0.23293994600524542,
          "per_sample_ginis": [
            0.49843408454648314,
            0.4744756536046051,
            0.4895780830589486,
            0.4973853500883302,
            0.47325642933633766,
            0.47310769627641147,
            0.48566486904433415,
            0.4792985094223144,
            0.45321633828378227,
            0.48642625053130534,
            0.4852801087141823,
            0.4867912807999741,
            0.5271431732357821,
            0.5431142647202389
          ]
        },
        "average": {
          "mean_gini": 0.39893189676652535,
          "mean_ratio": 66.59133636681891,
          "mean_top1_frac": 0.047658278627729575,
          "per_sample_ginis": [
            0.4007759100896703,
            0.37466850703037097,
            0.4042158048395396,
            0.3829823397731025,
            0.39561829358848305,
            0.3856905568778362,
            0.4059265256752346,
            0.3952911096999927,
            0.39275221329840504,
            0.3968009634450503,
            0.41132607159071194,
            0.399170377712437,
            0.4308431936564239,
            0.4089846874540976
          ]
        },
        "linear": {
          "mean_gini": 0.4807373913235489,
          "mean_ratio": 128.69545758234622,
          "mean_top1_frac": 0.09673661378916605,
          "per_sample_ginis": [
            0.47773971909458346,
            0.46020211964515056,
            0.48258889968932184,
            0.4814076416877291,
            0.46831162929991443,
            0.46740517446983876,
            0.48583402641843093,
            0.48203147252932377,
            0.4563266500892809,
            0.49211039418482155,
            0.48174081757454756,
            0.48934676964912605,
            0.5039311970924839,
            0.5013469671051308
          ]
        }
      },
      "gini_reduction_average": 0.18504212647371943,
      "gini_reduction_linear": 0.017925803042767807,
      "k700_pass": false,
      "elapsed_s": 87.06688499450684
    },
    "dirsim": {
      "dirsim_raw": {
        "medical_vs_code": 0.011700918647661858,
        "medical_vs_math": 0.012557978257691223,
        "medical_vs_legal": 0.011581707277463646,
        "medical_vs_finance": 0.01157595413797588,
        "code_vs_math": 0.01265422864166443,
        "code_vs_legal": 0.010710174435420487,
        "code_vs_finance": 0.011970944745606955,
        "math_vs_legal": 0.010241626211671725,
        "math_vs_finance": 0.010323128647137449,
        "legal_vs_finance": 0.012672771063076058
      },
      "dirsim_smoothed": {
        "medical_vs_code": 0.013247092423016487,
        "medical_vs_math": 0.01390821372954619,
        "medical_vs_legal": 0.012019937110646963,
        "medical_vs_finance": 0.012184122457150351,
        "code_vs_math": 0.013665663343162035,
        "code_vs_legal": 0.01309204589850406,
        "code_vs_finance": 0.012545649144941887,
        "math_vs_legal": 0.011656839672789437,
        "math_vs_finance": 0.012921140401407388,
        "legal_vs_finance": 0.014643607013429967
      },
      "mean_dirsim_raw": 0.01159894320653697,
      "mean_dirsim_smoothed": 0.012988431119459475,
      "elapsed_s": 0.03231000900268555
    },
    "perplexity": {
      "base_ppl": {
        "medical": 6.7342995321179195,
        "code": 5.692651453631472,
        "math": 3.7908809214903334,
        "legal": 20.979179034293118,
        "finance": 18.358044545856114
      },
      "base_mixed_ppl": 9.6166827057051,
      "raw_sum_ppl": {
        "medical": 3.851280327381063,
        "code": 3.764281312981685,
        "math": 2.4158404623446286,
        "legal": 15.501218644340227,
        "finance": 14.080577705248624
      },
      "raw_sum_mixed_ppl": 6.584475388936963,
      "dc_merge_results": {
        "average": {
          "per_domain_ppl": {
            "medical": 3.6843845705770857,
            "code": 3.6424807902367524,
            "math": 2.5120580620311244,
            "legal": 15.45475219643977,
            "finance": 14.028905918553452
          },
          "mixed_ppl": 6.556056534846083
        },
        "linear": {
          "per_domain_ppl": {
            "medical": 3.721160367012832,
            "code": 3.680573256174124,
            "math": 2.443773368068067,
            "legal": 15.325385821508169,
            "finance": 13.993244264778234
          },
          "mixed_ppl": 6.519227095719765
        }
      },
      "best_dc_mixed_ppl": 6.519227095719765,
      "ppl_improvement": 0.00990941409346382,
      "k699_pass": true,
      "elapsed_s": 74.47869277000427
    }
  },
  "summary": {
    "k699_pass": true,
    "k700_pass": false,
    "raw_sum_mixed_ppl": 6.584475388936963,
    "best_dc_mixed_ppl": 6.519227095719765,
    "ppl_improvement": 0.00990941409346382,
    "gini_reduction_average": 0.18504212647371943,
    "gini_reduction_linear": 0.017925803042767807,
    "elapsed_seconds": 191.53551483154297
  }
}