{
  "reference_condition": {
    "name": "pretrained_trained",
    "base_val_loss": 0.5053524821996689,
    "expert_val_losses": [
      0.431289541721344,
      0.4150554031133652,
      0.4100476413965225,
      0.42531789243221285
    ],
    "mean_expert_loss": 0.4204276196658611,
    "std_expert_loss": 0.008344171289402555,
    "mean_cos": 0.07328496004144351,
    "max_cos": 0.13262318074703217,
    "cosines": [
      [
        0,
        1,
        0.13262318074703217
      ],
      [
        0,
        2,
        0.06530691683292389
      ],
      [
        0,
        3,
        0.055476922541856766
      ],
      [
        1,
        2,
        0.06335445493459702
      ],
      [
        1,
        3,
        0.07043036073446274
      ],
      [
        2,
        3,
        0.05251792445778847
      ]
    ],
    "delta_reconstruction_error": null,
    "delta_rank": null
  },
  "zero_shot_conditions": [
    {
      "name": "pretrained_zeroshot",
      "base_val_loss": 0.5053524821996689,
      "expert_val_losses": [
        0.43128953874111176,
        0.4150553852319717,
        0.4100476413965225,
        0.4253178954124451
      ],
      "mean_expert_loss": 0.42042761519551275,
      "std_expert_loss": 0.008344173634330872,
      "mean_cos": 0.07328496004144351,
      "max_cos": 0.13262318074703217,
      "cosines": [
        [
          0,
          1,
          0.13262318074703217
        ],
        [
          0,
          2,
          0.06530691683292389
        ],
        [
          0,
          3,
          0.055476922541856766
        ],
        [
          1,
          2,
          0.06335445493459702
        ],
        [
          1,
          3,
          0.07043036073446274
        ],
        [
          2,
          3,
          0.05251792445778847
        ]
      ],
      "delta_reconstruction_error": null,
      "delta_rank": null
    },
    {
      "name": "delta_full",
      "base_val_loss": 0.5053524672985077,
      "expert_val_losses": [
        0.4312895476818085,
        0.415055388212204,
        0.4100476443767548,
        0.42531788647174834
      ],
      "mean_expert_loss": 0.4204276166856289,
      "std_expert_loss": 0.008344173827444968,
      "mean_cos": 0.07328496004144351,
      "max_cos": 0.13262318074703217,
      "cosines": [
        [
          0,
          1,
          0.13262318074703217
        ],
        [
          0,
          2,
          0.06530691683292389
        ],
        [
          0,
          3,
          0.055476922541856766
        ],
        [
          1,
          2,
          0.06335445493459702
        ],
        [
          1,
          3,
          0.07043036073446274
        ],
        [
          2,
          3,
          0.05251792445778847
        ]
      ],
      "delta_reconstruction_error": null,
      "delta_rank": null
    },
    {
      "name": "delta_r32",
      "base_val_loss": 0.5062151938676834,
      "expert_val_losses": [
        0.4330876529216766,
        0.41669750213623047,
        0.412057489156723,
        0.42650077641010287
      ],
      "mean_expert_loss": 0.42208585515618324,
      "std_expert_loss": 0.008217870110890809,
      "mean_cos": 0.07328496004144351,
      "max_cos": 0.13262318074703217,
      "cosines": [
        [
          0,
          1,
          0.13262318074703217
        ],
        [
          0,
          2,
          0.06530691683292389
        ],
        [
          0,
          3,
          0.055476922541856766
        ],
        [
          1,
          2,
          0.06335445493459702
        ],
        [
          1,
          3,
          0.07043036073446274
        ],
        [
          2,
          3,
          0.05251792445778847
        ]
      ],
      "delta_reconstruction_error": 0.2046814043339148,
      "delta_rank": 32
    },
    {
      "name": "delta_r16",
      "base_val_loss": 0.5141189664602279,
      "expert_val_losses": [
        0.448364132642746,
        0.4457032084465027,
        0.43047348260879514,
        0.4416688472032547
      ],
      "mean_expert_loss": 0.4415524177253246,
      "std_expert_loss": 0.006826142447730634,
      "mean_cos": 0.07328496004144351,
      "max_cos": 0.13262318074703217,
      "cosines": [
        [
          0,
          1,
          0.13262318074703217
        ],
        [
          0,
          2,
          0.06530691683292389
        ],
        [
          0,
          3,
          0.055476922541856766
        ],
        [
          1,
          2,
          0.06335445493459702
        ],
        [
          1,
          3,
          0.07043036073446274
        ],
        [
          2,
          3,
          0.05251792445778847
        ]
      ],
      "delta_reconstruction_error": 0.4219115897636508,
      "delta_rank": 16
    },
    {
      "name": "delta_r8",
      "base_val_loss": 0.5474325954914093,
      "expert_val_losses": [
        0.503042283654213,
        0.5011415272951126,
        0.501665648818016,
        0.4813799262046814
      ],
      "mean_expert_loss": 0.49680734649300573,
      "std_expert_loss": 0.008934035522418702,
      "mean_cos": 0.07328496004144351,
      "max_cos": 0.13262318074703217,
      "cosines": [
        [
          0,
          1,
          0.13262318074703217
        ],
        [
          0,
          2,
          0.06530691683292389
        ],
        [
          0,
          3,
          0.055476922541856766
        ],
        [
          1,
          2,
          0.06335445493459702
        ],
        [
          1,
          3,
          0.07043036073446274
        ],
        [
          2,
          3,
          0.05251792445778847
        ]
      ],
      "delta_reconstruction_error": 0.6143378842850515,
      "delta_rank": 8
    },
    {
      "name": "delta_r4",
      "base_val_loss": 0.6112369000911713,
      "expert_val_losses": [
        0.5810250878334046,
        0.5544453024864197,
        0.5437930822372437,
        0.5408442914485931
      ],
      "mean_expert_loss": 0.5550269410014153,
      "std_expert_loss": 0.01583973700169389,
      "mean_cos": 0.07328496004144351,
      "max_cos": 0.13262318074703217,
      "cosines": [
        [
          0,
          1,
          0.13262318074703217
        ],
        [
          0,
          2,
          0.06530691683292389
        ],
        [
          0,
          3,
          0.055476922541856766
        ],
        [
          1,
          2,
          0.06335445493459702
        ],
        [
          1,
          3,
          0.07043036073446274
        ],
        [
          2,
          3,
          0.05251792445778847
        ]
      ],
      "delta_reconstruction_error": 0.7518234424520422,
      "delta_rank": 4
    },
    {
      "name": "skeleton_only",
      "base_val_loss": 3.341700291633606,
      "expert_val_losses": [
        3.515220522880554,
        3.8751469612121583,
        3.7048331260681153,
        3.4991349458694456
      ],
      "mean_expert_loss": 3.6485838890075684,
      "std_expert_loss": 0.1537982252713809,
      "mean_cos": 0.07328496004144351,
      "max_cos": 0.13262318074703217,
      "cosines": [
        [
          0,
          1,
          0.13262318074703217
        ],
        [
          0,
          2,
          0.06530691683292389
        ],
        [
          0,
          3,
          0.055476922541856766
        ],
        [
          1,
          2,
          0.06335445493459702
        ],
        [
          1,
          3,
          0.07043036073446274
        ],
        [
          2,
          3,
          0.05251792445778847
        ]
      ],
      "delta_reconstruction_error": 1.0,
      "delta_rank": null
    }
  ],
  "kill_loss_violated": false,
  "kill_cos_violated": false,
  "kill_majority_fail": false,
  "n_experts_failed": 0,
  "n_experts_total": 16,
  "pretrain_time": 24.617436170578003,
  "expert_train_time": 27.62422513961792,
  "eval_time": 3.1737470626831055,