{
  "reference_condition": {
    "name": "pretrained_trained",
    "base_val_loss": 0.502906110882759,
    "expert_val_losses": [
      0.42493257522583006,
      0.43563477098941805,
      0.41994512677192686,
      0.4360753774642944
    ],
    "mean_expert_loss": 0.42914696261286733,
    "std_expert_loss": 0.006937748802312475,
    "mean_cos": 0.06904182645181815,
    "max_cos": 0.09258497506380081,
    "cosines": [
      [
        0,
        1,
        0.09258497506380081
      ],
      [
        0,
        2,
        0.06172191724181175
      ],
      [
        0,
        3,
        0.060144469141960144
      ],
      [
        1,
        2,
        0.0333271399140358
      ],
      [
        1,
        3,
        0.08887983113527298
      ],
      [
        2,
        3,
        0.0775926262140274
      ]
    ],
    "delta_reconstruction_error": null,
    "delta_rank": null
  },
  "zero_shot_conditions": [
    {
      "name": "pretrained_zeroshot",
      "base_val_loss": 0.502906110882759,
      "expert_val_losses": [
        0.4249325692653656,
        0.43563477098941805,
        0.41994512677192686,
        0.43607538342475893
      ],
      "mean_expert_loss": 0.42914696261286733,
      "std_expert_loss": 0.006937751195606865,
      "mean_cos": 0.06904182645181815,
      "max_cos": 0.09258497506380081,
      "cosines": [
        [
          0,
          1,
          0.09258497506380081
        ],
        [
          0,
          2,
          0.06172191724181175
        ],
        [
          0,
          3,
          0.060144469141960144
        ],
        [
          1,
          2,
          0.0333271399140358
        ],
        [
          1,
          3,
          0.08887983113527298
        ],
        [
          2,
          3,
          0.0775926262140274
        ]
      ],
      "delta_reconstruction_error": null,
      "delta_rank": null
    },
    {
      "name": "delta_full",
      "base_val_loss": 0.5029061198234558,
      "expert_val_losses": [
        0.42493256330490115,
        0.4356347769498825,
        0.4199451178312302,
        0.43607538342475893
      ],
      "mean_expert_loss": 0.4291469603776932,
      "std_expert_loss": 0.006937756458873091,
      "mean_cos": 0.06904182645181815,
      "max_cos": 0.09258497506380081,
      "cosines": [
        [
          0,
          1,
          0.09258497506380081
        ],
        [
          0,
          2,
          0.06172191724181175
        ],
        [
          0,
          3,
          0.060144469141960144
        ],
        [
          1,
          2,
          0.0333271399140358
        ],
        [
          1,
          3,
          0.08887983113527298
        ],
        [
          2,
          3,
          0.0775926262140274
        ]
      ],
      "delta_reconstruction_error": null,
      "delta_rank": null
    },
    {
      "name": "delta_r32",
      "base_val_loss": 0.5033885300159454,
      "expert_val_losses": [
        0.42539580464363097,
        0.4367838591337204,
        0.42123723328113555,
        0.4368198662996292
      ],
      "mean_expert_loss": 0.43005919083952904,
      "std_expert_loss": 0.006901123138987816,
      "mean_cos": 0.06904182645181815,
      "max_cos": 0.09258497506380081,
      "cosines": [
        [
          0,
          1,
          0.09258497506380081
        ],
        [
          0,
          2,
          0.06172191724181175
        ],
        [
          0,
          3,
          0.060144469141960144
        ],
        [
          1,
          2,
          0.0333271399140358
        ],
        [
          1,
          3,
          0.08887983113527298
        ],
        [
          2,
          3,
          0.0775926262140274
        ]
      ],
      "delta_reconstruction_error": 0.205743566518501,
      "delta_rank": 32
    },
    {
      "name": "delta_r16",
      "base_val_loss": 0.5132395982742309,
      "expert_val_losses": [
        0.4412324637174606,
        0.4548571705818176,
        0.4346874117851257,
        0.45340475142002107
      ],
      "mean_expert_loss": 0.44604544937610624,
      "std_expert_loss": 0.00842578788673807,
      "mean_cos": 0.06904182645181815,
      "max_cos": 0.09258497506380081,
      "cosines": [
        [
          0,
          1,
          0.09258497506380081
        ],
        [
          0,
          2,
          0.06172191724181175
        ],
        [
          0,
          3,
          0.060144469141960144
        ],
        [
          1,
          2,
          0.0333271399140358
        ],
        [
          1,
          3,
          0.08887983113527298
        ],
        [
          2,
          3,
          0.0775926262140274
        ]
      ],
      "delta_reconstruction_error": 0.421086150843649,
      "delta_rank": 16
    },
    {
      "name": "delta_r8",
      "base_val_loss": 0.5574637115001678,
      "expert_val_losses": [
        0.4967230796813965,
        0.5114962220191955,
        0.4937726765871048,
        0.5008561223745346
      ],
      "mean_expert_loss": 0.5007120251655579,
      "std_expert_loss": 0.006715391100906441,
      "mean_cos": 0.06904182645181815,
      "max_cos": 0.09258497506380081,
      "cosines": [
        [
          0,
          1,
          0.09258497506380081
        ],
        [
          0,
          2,
          0.06172191724181175
        ],
        [
          0,
          3,
          0.060144469141960144
        ],
        [
          1,
          2,
          0.0333271399140358
        ],
        [
          1,
          3,
          0.08887983113527298
        ],
        [
          2,
          3,
          0.0775926262140274
        ]
      ],
      "delta_reconstruction_error": 0.6179271246962479,
      "delta_rank": 8
    },
    {
      "name": "delta_r4",
      "base_val_loss": 0.6099396228790284,
      "expert_val_losses": [
        0.5763686180114747,
        0.560995239019394,
        0.5920482516288758,
        0.5575413227081298
      ],
      "mean_expert_loss": 0.5717383578419686,
      "std_expert_loss": 0.013701291029499497,
      "mean_cos": 0.06904182645181815,
      "max_cos": 0.09258497506380081,
      "cosines": [
        [
          0,
          1,
          0.09258497506380081
        ],
        [
          0,
          2,
          0.06172191724181175
        ],
        [
          0,
          3,
          0.060144469141960144
        ],
        [
          1,
          2,
          0.0333271399140358
        ],
        [
          1,
          3,
          0.08887983113527298
        ],
        [
          2,
          3,
          0.0775926262140274
        ]
      ],
      "delta_reconstruction_error": 0.7573981648567191,
      "delta_rank": 4
    },
    {
      "name": "skeleton_only",
      "base_val_loss": 3.234864044189453,
      "expert_val_losses": [
        3.9175660610198975,
        3.726763367652893,
        3.905846381187439,
        3.9113365173339845
      ],
      "mean_expert_loss": 3.8653780817985535,
      "std_expert_loss": 0.08013657904662422,
      "mean_cos": 0.06904182645181815,
      "max_cos": 0.09258497506380081,
      "cosines": [
        [
          0,
          1,
          0.09258497506380081
        ],
        [
          0,
          2,
          0.06172191724181175
        ],
        [
          0,
          3,
          0.060144469141960144
        ],
        [
          1,
          2,
          0.0333271399140358
        ],
        [
          1,
          3,
          0.08887983113527298
        ],
        [
          2,
          3,
          0.0775926262140274
        ]
      ],
      "delta_reconstruction_error": 1.0,
      "delta_rank": null
    }
  ],
  "kill_loss_violated": false,
  "kill_cos_violated": false,
  "kill_majority_fail": false,
  "n_experts_failed": 0,
  "n_experts_total": 16,
  "pretrain_time": 24.23189687728882,
  "expert_train_time": 27.49968695640564,
  "eval_time": 3.1255481243133545,
  "pretrained_effective_rank": 48.92317929262746,