{
  "model": "Qwen/Qwen2.5-0.5B",
  "calibration": {
    "dataset": "wikitext-2-raw-v1",
    "split": "test",
    "n_sequences": 128,
    "seq_len": 128,
    "total_positions": 16384,
    "total_tokens_in_split": 298938,
    "unique_tokens_used": 3134,
    "raw_text_chars": 1288512
  },
  "evaluation": {
    "dataset": "wikitext-2-raw-v1",
    "split": "validation",
    "n_sequences": 64,
    "seq_len": 128,
    "total_positions": 8192,
    "total_tokens_in_split": 262210,
    "unique_tokens_used": 1945,
    "raw_text_chars": 1144610
  },
  "baseline_ppl": 21.328396846160814,
  "baseline_loss": 3.0600393700787403,
  "n_prune_target": 18420,
  "total_neurons": 116736,
  "correlations": {
    "activation_vs_wanda": {
      "rho": 0.9735426452015501
    },
    "weight_vs_wanda": {
      "rho": 0.3946112232629419
    },
    "activation_vs_weight": {
      "rho": 0.20673583403770482
    }
  },
  "comparison": {
    "wanda": {
      "method": "wanda",
      "n_pruned": 18420,
      "total_neurons": 116736,
      "pct_pruned": 15.779194078947366,
      "ppl": 376.5694009798612,
      "loss": 5.931102362204724,
      "pruned_score_max": 0.04105043411254883,
      "pruned_score_min": 0.0014825090765953064,
      "pruned_score_mean": 0.03329098648578738,
      "kept_score_min": 0.041052043437957764,
      "per_layer_pruned": {
        "0": 3453,
        "1": 2882,
        "2": 322,
        "3": 45,
        "4": 67,
        "5": 157,
        "6": 465,
        "7": 654,
        "8": 1747,
        "9": 1475,
        "10": 1783,
        "11": 1880,
        "12": 1152,
        "13": 921,
        "14": 658,
        "15": 674,
        "16": 74,
        "17": 4,
        "18": 5,
        "19": 0,
        "20": 0,
        "21": 2,
        "22": 0,
        "23": 0
      }
    },
    "activation_only": {
      "method": "activation_only",
      "n_pruned": 18420,
      "total_neurons": 116736,
      "pct_pruned": 15.779194078947366,
      "ppl": 551.6932172796212,
      "loss": 6.312992125984252,
      "pruned_score_max": 0.04998779296875,
      "pruned_score_min": 0.0001853136345744133,
      "pruned_score_mean": 0.041111049606302,
      "kept_score_min": 0.0500030517578125,
      "per_layer_pruned": {
        "0": 4041,
        "1": 3251,
        "2": 435,
        "3": 16,
        "4": 18,
        "5": 131,
        "6": 463,
        "7": 596,
        "8": 1828,
        "9": 1329,
        "10": 1771,
        "11": 1750,
        "12": 1016,
        "13": 670,
        "14": 478,
        "15": 568,
        "16": 42,
        "17": 2,
        "18": 0,
        "19": 5,
        "20": 5,
        "21": 2,
        "22": 2,
        "23": 1
      }
    },
    "weight_only": {
      "method": "weight_only",
      "n_pruned": 18420,
      "total_neurons": 116736,
      "pct_pruned": 15.779194078947366,
      "ppl": 2179.842431441833,
      "loss": 7.687007874015748,
      "pruned_score_max": 0.76953125,
      "pruned_score_min": 0.482421875,
      "pruned_score_mean": 0.7184517296077633,
      "kept_score_min": 0.76953125,
      "per_layer_pruned": {
        "0": 342,
        "1": 128,
        "2": 265,
        "3": 434,
        "4": 693,
        "5": 1088,
        "6": 504,
        "7": 704,
        "8": 736,
        "9": 1140,
        "10": 1091,
        "11": 1666,
        "12": 1151,
        "13": 1575,
        "14": 1174,
        "15": 1034,
        "16": 834,
        "17": 720,
        "18": 511,
        "19": 839,
        "20": 695,
        "21": 345,
        "22": 269,
        "23": 482
      }
    },
    "random": {
      "mean_ppl": 61.80770821287148,
      "std_ppl": 8.364155148683237,
      "per_seed": [
        {
          "seed": 0,
          "ppl": 53.37605326864089,
          "loss": 3.9773622047244093
        },
        {
          "seed": 1,
          "ppl": 58.83889698822962,
          "loss": 4.074803149606299
        },
        {
          "seed": 2,
          "ppl": 73.20817438174393,
          "loss": 4.293307086614173
        }
      ]
    }
  },
  "wanda_multi_level": [
    {
      "method": "wanda_5pct",
      "n_pruned": 5836,
      "total_neurons": 116736,
      "pct_pruned": 4.999314692982456,
      "ppl": 32.63013410524269,
      "loss": 3.4852362204724407,
      "pruned_score_max": 0.030843734741210938,
      "pruned_score_min": 0.0014825090765953064,
      "pruned_score_mean": 0.02718632072950774,
      "kept_score_min": 0.03084433078765869,
      "per_layer_pruned": {
        "0": 2316,
        "1": 453,
        "2": 7,
        "3": 1,
        "4": 3,
        "5": 16,
        "6": 35,
        "7": 125,
        "8": 584,
        "9": 355,
        "10": 683,
        "11": 749,
        "12": 224,
        "13": 119,
        "14": 70,
        "15": 94,
        "16": 1,
        "17": 0,
        "18": 0,
        "19": 0,
        "20": 0,
        "21": 1,
        "22": 0,
        "23": 0
      },
      "prune_fraction": 0.05
    },
    {
      "method": "wanda_10pct",
      "n_pruned": 11673,
      "total_neurons": 116736,
      "pct_pruned": 9.999486019736842,
      "ppl": 118.23069937987779,
      "loss": 4.772637795275591,
      "pruned_score_max": 0.0357782244682312,
      "pruned_score_min": 0.0014825090765953064,
      "pruned_score_mean": 0.03028844044622231,
      "kept_score_min": 0.0357782244682312,
      "per_layer_pruned": {
        "0": 3072,
        "1": 1773,
        "2": 57,
        "3": 8,
        "4": 14,
        "5": 53,
        "6": 163,
        "7": 323,
        "8": 1125,
        "9": 876,
        "10": 1203,
        "11": 1345,
        "12": 635,
        "13": 416,
        "14": 282,
        "15": 313,
        "16": 13,
        "17": 1,
        "18": 0,
        "19": 0,
        "20": 0,
        "21": 1,
        "22": 0,
        "23": 0
      },
      "prune_fraction": 0.1
    },
    {
      "method": "wanda_15pct",
      "n_pruned": 17510,
      "total_neurons": 116736,
      "pct_pruned": 14.999657346491228,
      "ppl": 338.5944740616917,
      "loss": 5.824803149606299,
      "pruned_score_max": 0.04038679599761963,
      "pruned_score_min": 0.0014825090765953064,
      "pruned_score_mean": 0.03290469463869955,
      "kept_score_min": 0.04038727283477783,
      "per_layer_pruned": {
        "0": 3412,
        "1": 2776,
        "2": 259,
        "3": 36,
        "4": 57,
        "5": 137,
        "6": 426,
        "7": 606,
        "8": 1669,
        "9": 1388,
        "10": 1724,
        "11": 1817,
        "12": 1080,
        "13": 845,
        "14": 595,
        "15": 616,
        "16": 58,
        "17": 3,
        "18": 4,
        "19": 0,
        "20": 0,
        "21": 2,
        "22": 0,
        "23": 0
      },
      "prune_fraction": 0.15
    },
    {
      "method": "wanda_20pct",
      "n_pruned": 23347,
      "total_neurons": 116736,
      "pct_pruned": 19.999828673245617,
      "ppl": 580.6645528128108,
      "loss": 6.3641732283464565,
      "pruned_score_max": 0.044502854347229004,
      "pruned_score_min": 0.0014825090765953064,
      "pruned_score_mean": 0.035299858978528685,
      "kept_score_min": 0.044503211975097656,
      "per_layer_pruned": {
        "0": 3643,
        "1": 3365,
        "2": 839,
        "3": 157,
        "4": 178,
        "5": 291,
        "6": 760,
        "7": 966,
        "8": 2078,
        "9": 1837,
        "10": 2103,
        "11": 2224,
        "12": 1514,
        "13": 1288,
        "14": 956,
        "15": 945,
        "16": 168,
        "17": 14,
        "18": 17,
        "19": 1,
        "20": 1,
        "21": 2,
        "22": 0,
        "23": 0
      },
      "prune_fraction": 0.2
    },
    {
      "method": "wanda_30pct",
      "n_pruned": 35020,
      "total_neurons": 116736,
      "pct_pruned": 29.999314692982455,
      "ppl": 2506.8234015705075,
      "loss": 7.826771653543307,
      "pruned_score_max": 0.05170971155166626,
      "pruned_score_min": 0.0014825090765953064,
      "pruned_score_mean": 0.03960411292397077,
      "kept_score_min": 0.05171060562133789,