{
  "experiment": "routing_eliminates_spectral_pathology",
  "model": "microsoft/BitNet-b1.58-2B-4T",
  "domains": [
    "medical",
    "code",
    "math",
    "legal",
    "finance"
  ],
  "oracle_top2": {
    "medical": [
      "medical",
      "math"
    ],
    "code": [
      "code",
      "math"
    ],
    "math": [
      "math",
      "code"
    ],
    "legal": [
      "legal",
      "finance"
    ],
    "finance": [
      "finance",
      "legal"
    ]
  },
  "optimal_scales": {
    "medical": 20.0,
    "code": 20.0,
    "math": 20.0,
    "legal": 4.0,
    "finance": 1.0
  },
  "phase1_spectral": {
    "individual_ginis": {
      "medical": {
        "mean_gini": 0.23308955899585546,
        "std_gini": 0.03680217474271179,
        "max_gini": 0.33305082778096856,
        "n_samples": 14,
        "per_sample_ginis": [
          0.19363499027544642,
          0.18817841814891514,
          0.22727334452087586,
          0.23355233143327064,
          0.216544536252273,
          0.22533873434940394,
          0.2126816922931083,
          0.25081953365586623,
          0.18313394120834892,
          0.25766698768232393,
          0.23335027054041224,
          0.24133285881693245,
          0.2666953589838302,
          0.33305082778096856
        ]
      },
      "code": {
        "mean_gini": 0.2506873145158481,
        "std_gini": 0.04291245071617883,
        "max_gini": 0.34636499552142264,
        "n_samples": 14,
        "per_sample_ginis": [
          0.25235733189997556,
          0.23539771922621264,
          0.26033940134717687,
          0.31630637512494525,
          0.22846516068418907,
          0.23250463839860339,
          0.24098738996682761,
          0.25825421868582576,
          0.1581058549498218,
          0.2682633119046772,
          0.22138596259291066,
          0.2701567545696381,
          0.2207332883496464,
          0.34636499552142264
        ]
      },
      "math": {
        "mean_gini": 0.24510312230379605,
        "std_gini": 0.05876098033390528,
        "max_gini": 0.38165958372557984,
        "n_samples": 14,
        "per_sample_ginis": [
          0.3008659749260086,
          0.2707832175735095,
          0.22031784165089777,
          0.2674692775716427,
          0.1802495775194909,
          0.199815043152382,
          0.2151853503279442,
          0.1895969821547232,
          0.1740901101987624,
          0.23926250116436198,
          0.20676219254267023,
          0.25086498416637887,
          0.3345210755787926,
          0.38165958372557984
        ]
      },
      "legal": {
        "mean_gini": 0.2466458413740518,
        "std_gini": 0.0420079251561739,
        "max_gini": 0.35481558141010233,
        "n_samples": 14,
        "per_sample_ginis": [
          0.22563849073950637,
          0.2520551442162053,
          0.21398375418766863,
          0.25819557450439373,
          0.2118234384371714,
          0.1951242682608329,
          0.22906076946502868,
          0.23792512274167252,
          0.21127214625288923,
          0.25373735962800276,
          0.23743371332380517,
          0.2499368710889681,
          0.35481558141010233,
          0.32203954498047865
        ]
      },
      "finance": {
        "mean_gini": 0.23907815271850943,
        "std_gini": 0.055989993127692206,
        "max_gini": 0.376872386131184,
        "n_samples": 14,
        "per_sample_ginis": [
          0.2645569181927192,
          0.23246793950019623,
          0.18535911266350308,
          0.24597888380191704,
          0.18267161845327665,
          0.19163325136468945,
          0.1974576823299731,
          0.22531629744298157,
          0.20484723529509274,
          0.2298645678134115,
          0.22694076401575733,
          0.23237320834908445,
          0.376872386131184,
          0.3507542727053456
        ]
      }
    },
    "pair_ginis": {
      "medical+code": {
        "mean_gini": 0.25053806518576505,
        "std_gini": 0.03049191335407824,
        "max_gini": 0.3312289669114808,
        "n_samples": 14,
        "per_sample_ginis": [
          0.23977660588671007,
          0.22013090906763771,
          0.25611158751722135,
          0.27651966216848634,
          0.23796759445520896,
          0.23764120078446307,
          0.24183605331309635,
          0.25388541646754154,
          0.18731500455419203,
          0.2583046377085401,
          0.24606676918834444,
          0.25417678048733844,
          0.2665717240904493,
          0.3312289669114808
        ]
      },
      "medical+math": {
        "mean_gini": 0.24796787671056783,
        "std_gini": 0.04026615186687505,
        "max_gini": 0.34822584992691263,
        "n_samples": 14,
        "per_sample_ginis": [
          0.26552955058052696,
          0.23807291908624786,
          0.23963787451923668,
          0.25415444929844383,
          0.2113276958260115,
          0.22138159142875616,
          0.2294870064560119,
          0.2254461441553035,
          0.1907513716385649,
          0.24391680452426184,
          0.235689042144597,
          0.24394725576059087,
          0.32398271860248423,
          0.34822584992691263
        ]
      },
      "medical+legal": {
        "mean_gini": 0.46832188093487986,
        "std_gini": 0.024889798557269437,
        "max_gini": 0.5327224149811366,
        "n_samples": 14,
        "per_sample_ginis": [
          0.4461978913058022,
          0.4340086152946162,
          0.4606652735539915,
          0.4601011969139985,
          0.4541906159754803,
          0.4644054157424622,
          0.45836230124540034,
          0.48532019329448123,
          0.43904766220223423,
          0.48831662628462336,
          0.46192471453602385,
          0.4748259363480324,
          0.4964174754100364,
          0.5327224149811366
        ]
      },
      "medical+finance": {
        "mean_gini": 0.5745122337027516,
        "std_gini": 0.020390316161021844,
        "max_gini": 0.6297046181886048,
        "n_samples": 14,
        "per_sample_ginis": [
          0.5526430047393625,
          0.5492046219977946,
          0.5720619768124309,
          0.5738733567822824,
          0.565343771608653,
          0.5712743654625176,
          0.5646008557114685,
          0.5862762431772929,
          0.5463576503257555,
          0.588939694452295,
          0.5720553162054748,
          0.5793576670864498,
          0.5914781292881404,
          0.6297046181886048
        ]
      },
      "code+math": {
        "mean_gini": 0.2572252100318382,
        "std_gini": 0.041999420801419815,
        "max_gini": 0.3571176350903824,
        "n_samples": 14,
        "per_sample_ginis": [
          0.2903538369046865,
          0.25968474094036115,
          0.253323146638974,
          0.2941112354994108,
          0.21817471523747733,
          0.2249575051285925,
          0.24281639780743985,
          0.2296046544324849,
          0.18094972904922554,
          0.2514962940530867,
          0.23313567523207432,
          0.2606863506602608,
          0.3047410237712782,
          0.3571176350903824
        ]
      },
      "code+legal": {
        "mean_gini": 0.4695277896403316,
        "std_gini": 0.024584861317142433,
        "max_gini": 0.5317652552947428,
        "n_samples": 14,
        "per_sample_ginis": [
          0.46525494519683624,
          0.4495002447575234,
          0.46596531051573187,
          0.49870411385820224,
          0.457468297178499,
          0.45667561448227717,
          0.46512052372111995,
          0.4787196588998923,
          0.4228337358647439,
          0.4854897847679694,
          0.4522169249338999,
          0.4803527956887445,
          0.46332184980446023,
          0.5317652552947428
        ]
      },
      "code+finance": {
        "mean_gini": 0.5808487523862987,
        "std_gini": 0.02314957158043434,
        "max_gini": 0.6340709198572373,
        "n_samples": 14,