{
  "kill_results": {
    "softmax_k2": {
      "mean": 0.5187022755543391,
      "delta_vs_nobal_pct": -0.5046093106128935,
      "delta_vs_bal_pct": 0.0,
      "per_seed": [
        0.5116083532571792,
        0.5176155656576157,
        0.5268829077482223
      ]
    },
    "softmax_no_bal": {
      "mean": 0.5213329702615738,
      "delta_vs_nobal_pct": 0.0,
      "delta_vs_bal_pct": 0.5071685302369678,
      "per_seed": [
        0.5175282388925553,
        0.512382760643959,
        0.5340879112482071
      ]
    },
    "uniform": {
      "mean": 0.5169065078099568,
      "delta_vs_nobal_pct": -0.8490662789648611,
      "delta_vs_bal_pct": -0.34620394569565704,
      "per_seed": [
        0.5089847415685653,
        0.5141498804092407,
        0.5275849014520645
      ]
    },
    "lsh_T1": {
      "mean": 0.5168226818243663,
      "delta_vs_nobal_pct": -0.8651454434091272,
      "delta_vs_bal_pct": -0.3623646586019096,
      "per_seed": [
        0.5128385275602341,
        0.5104472666978837,
        0.5271822512149811
      ]
    },
    "lsh_T2": {
      "mean": 0.5143599768479664,
      "delta_vs_nobal_pct": -1.3375316374310111,
      "delta_vs_bal_pct": -0.8371466467410565,
      "per_seed": [
        0.5101497381925583,
        0.5122748464345932,
        0.520655345916748
      ]
    },
    "lsh_T4": {
      "mean": 0.5181241591771444,
      "delta_vs_nobal_pct": -0.6155012760500063,
      "delta_vs_bal_pct": -0.11145437458837097,
      "per_seed": [
        0.5136627048254013,
        0.5113858431577682,
        0.5293239295482636
      ]
    },
    "lsh_T8": {
      "mean": 0.5196129848559697,
      "delta_vs_nobal_pct": -0.32992070398713585,
      "delta_vs_bal_pct": 0.17557457226447298,
      "per_seed": [
        0.5121054828166962,
        0.5193549066781997,
        0.5273785650730133
      ]
    }
  },
  "throughputs": {
    "softmax_k2": 2139311.4781534537,
    "softmax_no_bal": 2111607.437634588,
    "uniform": 2564098.347502149,
    "lsh_T1": 1948697.0608252194,
    "lsh_T2": 1901504.9656442588,
    "lsh_T4": 1817160.2565621352,
    "lsh_T8": 1575672.2048572896
  },
  "total_time_s": 165.78239798545837
}