{
  "model": "Qwen/Qwen2.5-0.5B",
  "hidden_dim": 896,
  "n_layers": 24,
  "lora_rank": 16,
  "lora_alpha": 16,
  "n_experts": 4,
  "n_lora_targets": 7,
  "seq_len": 31,
  "finetune_steps": 80,
  "batch_size_latency": 1,
  "n_timing_iters": 50,
  "device": "cuda",
  "sequential_k1_ms": 92.80709482729435,
  "sequential_k1_overhead_pct": 161.74390043998233,
  "sequential_k2_ms": 126.13088138401507,
  "sequential_k2_overhead_pct": 255.72699394179855,
  "sequential_k4_ms": 208.8542476296425,
  "sequential_k4_overhead_pct": 489.03174913264627,
  "batched_direct_k1_ms": 33.96933302283287,
  "batched_direct_k1_overhead_pct": -4.196271445768063,
  "batched_direct_k2_ms": 66.4080522954464,
  "batched_direct_k2_overhead_pct": 87.29066630927966,
  "batched_direct_k4_ms": 131.36444561183453,
  "batched_direct_k4_overhead_pct": 270.4872180037822,
  "batched_hook_k1_ms": 46.64317138493061,
  "batched_hook_k1_overhead_pct": 31.54776183761976,
  "batched_hook_k2_ms": 57.16869719326496,
  "batched_hook_k2_overhead_pct": 61.2329080474211,
  "batched_hook_k4_ms": 75.59185355901718,
  "batched_hook_k4_overhead_pct": 113.191746049637,
  "batched_stacked_k1_ms": 45.528336241841316,
  "batched_stacked_k1_overhead_pct": 28.403591672151563,
  "batched_stacked_k2_ms": 63.44577245414257,
  "batched_stacked_k2_overhead_pct": 78.93614684823558,
  "batched_stacked_k4_ms": 85.78907750546932,
  "batched_stacked_k4_overhead_pct": 141.95098233832005,
  "batched_persistent_k1_ms": 46.462919265031815,
  "batched_persistent_k1_overhead_pct": 31.03939668501281,
  "batched_persistent_k2_ms": 60.78986018896103,
  "batched_persistent_k2_overhead_pct": 71.44567603015155,
  "batched_persistent_k4_ms": 86.64584845304489,
  "batched_persistent_k4_overhead_pct": 144.36733391164972,
  "quality_check": {
    "direct_copy_max_abs_diff": 0.0,
    "direct_copy_mean_abs_diff": 0.0,
    "hook_max_abs_diff": 3.449148178100586,
    "hook_mean_abs_diff": 0.3054228127002716,
    "stacked_max_abs_diff": 3.2961368560791016e-05,
    "stacked_mean_abs_diff": 2.439792297082022e-06,
    "persistent_max_abs_diff": 3.2961368560791016e-05,
    "persistent_mean_abs_diff": 2.439792297082022e-06
  },
  "theoretical_k1_overhead_pct": 0.48754008097165996,
  "theoretical_k1_lora_flops": 4816896,
  "theoretical_k2_overhead_pct": 0.9750801619433199,
  "theoretical_k2_lora_flops": 9633792,
  "theoretical_k4_overhead_pct": 1.9501603238866398,
  "theoretical_k4_lora_flops": 19267584,
  "base_flops_per_token": 988000000,
  "mem_per_expert_mb": 18.375,
  "mem_total_experts_mb": 73.5,
  "batch1_mono_ms": 32.31447587410609,
  "batch1_direct_ms": 69.95433097084364,
  "batch1_direct_overhead_pct": 116.47985640670333,
  "batch1_persistent_ms": 59.14602379004161,
  "batch1_persistent_overhead_pct": 83.03259511455023,
  "batch4_mono_ms": 34.88759398460388,
  "batch4_direct_ms": 72.82142154872417,
  "batch4_direct_overhead_pct": 108.73156681673359,
  "batch4_persistent_ms": 68.1434062620004,
  "batch4_persistent_overhead_pct": 95.32274507686749,
  "batch8_mono_ms": 37.77949971457322,
  "batch8_direct_ms": 79.19555567204952,
  "batch8_direct_overhead_pct": 109.62573954228488,
  "batch8_persistent_ms": 76.41814549763998,
  "batch8_persistent_overhead_pct": 102.27410652598485,
  "monolithic_ms": 35.45721396803856,
  "summary": {
    "Sequential (set_lora_state)": {
      "k1": 161.74390043998233,
      "k2": 255.72699394179855,
      "k4": 489.03174913264627
    },
    "Batched (direct copy)": {
      "k1": -4.196271445768063,
      "k2": 87.29066630927966,
      "k4": 270.4872180037822
    },
    "Batched (hook-based)": {
      "k1": 31.54776183761976,
      "k2": 61.2329080474211,
      "k4": 113.191746049637
    },
    "Batched (stacked)": {
      "k1": 28.403591672151563,
      "k2": 78.93614684823558,
      "k4": 141.95098233832005
    },
    "Batched (persistent hooks)": {
      "k1": 31.03939668501281,
      "k2": 71.44567603015155,
      "k4": 144.36733391164972
    },
    "Theoretical": {
      "k1": 0.48754008097165996,
      "k2": 0.9750801619433199,
      "k4": 1.9501603238866398
    }
  },
  "speedup_k1": 1.9897252281880278,
  "speedup_k2": 2.206292736698477,
  "speedup_k4": 2.7629200475496045,
  "elapsed_seconds": 154.5227334499359
}