{
  "conditions": [
    {
      "name": "pretrained",
      "base_val_loss": 0.5053524821996689,
      "expert_val_losses": [
        0.43160608112812043,
        0.4150554031133652,
        0.4100476413965225,
        0.42531789243221285
      ],
      "mean_expert_loss": 0.42050675451755526,
      "mean_cos": 0.06441312842071056,
      "max_cos": 0.07249516993761063,
      "cosines": [
        [
          0,
          1,
          0.07249516993761063
        ],
        [
          0,
          2,
          0.0715320035815239
        ],
        [
          0,
          3,
          0.05614885687828064
        ],
        [
          1,
          2,
          0.06335445493459702
        ],
        [
          1,
          3,
          0.07043036073446274
        ],
        [
          2,
          3,
          0.05251792445778847
        ]
      ],
      "delta_reconstruction_error": null,
      "delta_rank": null
    },
    {
      "name": "delta_full",
      "base_val_loss": 0.5053524672985077,
      "expert_val_losses": [
        0.431008505821228,
        0.415064936876297,
        0.41004791259765627,
        0.4253178954124451
      ],
      "mean_expert_loss": 0.4203598126769066,
      "mean_cos": 0.06840025074779987,
      "max_cos": 0.0869494155049324,
      "cosines": [
        [
          0,
          1,
          0.0869494155049324
        ],
        [
          0,
          2,
          0.08048263192176819
        ],
        [
          0,
          3,
          0.057502780109643936
        ],
        [
          1,
          2,
          0.06259895116090775
        ],
        [
          1,
          3,
          0.07035832852125168
        ],
        [
          2,
          3,
          0.05250939726829529
        ]
      ],
      "delta_reconstruction_error": null,
      "delta_rank": null
    },
    {
      "name": "delta_r32",
      "base_val_loss": 0.5062151938676834,
      "expert_val_losses": [
        0.4321610540151596,
        0.4157472163438797,
        0.41124167740345,
        0.4261492401361465
      ],
      "mean_expert_loss": 0.42132479697465897,
      "mean_cos": 0.06471477014323075,
      "max_cos": 0.08424203097820282,
      "cosines": [
        [
          0,
          1,
          0.07958602905273438
        ],
        [
          0,
          2,
          0.08424203097820282
        ],
        [
          0,
          3,
          0.05840885639190674
        ],
        [
          1,
          2,
          0.06277670711278915
        ],
        [
          1,
          3,
          0.055116113275289536
        ],
        [
          2,
          3,
          0.048158884048461914
        ]
      ],
      "delta_reconstruction_error": 0.2046814043339148,
      "delta_rank": 32
    },
    {
      "name": "delta_r16",
      "base_val_loss": 0.5141189664602279,
      "expert_val_losses": [
        0.43872219026088716,
        0.4217479079961777,
        0.41745541989803314,
        0.4321600705385208
      ],
      "mean_expert_loss": 0.4275213971734047,
      "mean_cos": 0.08405233485003312,
      "max_cos": 0.12152678519487381,
      "cosines": [
        [
          0,
          1,
          0.08488200604915619
        ],
        [
          0,
          2,
          0.12152678519487381
        ],
        [
          0,
          3,
          0.07611531764268875
        ],
        [
          1,
          2,
          0.060373011976480484
        ],
        [
          1,
          3,
          0.08732061833143234
        ],
        [
          2,
          3,
          0.07409626990556717
        ]
      ],
      "delta_reconstruction_error": 0.4219115897636508,
      "delta_rank": 16
    },
    {
      "name": "delta_r8",
      "base_val_loss": 0.5474325954914093,
      "expert_val_losses": [
        0.4550982654094696,
        0.4363200902938843,
        0.4388905704021454,
        0.44493400752544404
      ],
      "mean_expert_loss": 0.44381073340773586,
      "mean_cos": 0.1307386321326097,
      "max_cos": 0.15293622016906738,
      "cosines": [
        [
          0,
          1,
          0.12143810093402863
        ],
        [
          0,
          2,
          0.15293622016906738
        ],
        [
          0,
          3,
          0.12387917935848236
        ],
        [
          1,
          2,
          0.13262712955474854
        ],
        [
          1,
          3,
          0.12100536376237869
        ],
        [
          2,
          3,
          0.13254579901695251
        ]
      ],
      "delta_reconstruction_error": 0.6143378842850515,
      "delta_rank": 8
    },
    {
      "name": "delta_r4",
      "base_val_loss": 0.6112369000911713,
      "expert_val_losses": [
        0.4756395101547241,
        0.45667084157466886,
        0.46367399096488954,
        0.4644033670425415
      ],
      "mean_expert_loss": 0.465096927434206,
      "mean_cos": 0.20468240479628244,
      "max_cos": 0.24155426025390625,
      "cosines": [
        [
          0,
          1,
          0.19046267867088318
        ],
        [
          0,
          2,
          0.2270846664905548
        ],
        [
          0,
          3,
          0.1982542872428894
        ],
        [
          1,
          2,
          0.21144656836986542
        ],
        [
          1,
          3,
          0.15929196774959564
        ],
        [
          2,
          3,
          0.24155426025390625
        ]
      ],
      "delta_reconstruction_error": 0.7518234424520422,
      "delta_rank": 4
    },
    {
      "name": "skeleton_only",
      "base_val_loss": 3.341700291633606,
      "expert_val_losses": [
        0.5582723289728164,
        0.5360076993703842,
        0.530281600356102,
        0.5330749243497849
      ],
      "mean_expert_loss": 0.5394091382622719,
      "mean_cos": 0.4502943654855092,
      "max_cos": 0.5058029890060425,
      "cosines": [
        [
          0,
          1,
          0.40810465812683105
        ],
        [
          0,
          2,
          0.40723180770874023
        ],
        [
          0,
          3,
          0.45987212657928467
        ],
        [
          1,
          2,
          0.4749995172023773
        ],
        [
          1,
          3,
          0.44575509428977966
        ],
        [
          2,
          3,
          0.5058029890060425
        ]
      ],
      "delta_reconstruction_error": 1.0,
      "delta_rank": null
    }
  ],
  "pretrained_effective_rank": 48.929933055658935,
  "delta_effective_rank": 39.604225883125174,
  "kill_quality_violated": false,
  "kill_coherence_violated": false,
  "kill_cost_violated": false,
  "pretrain_time": 22.95054006576538,
  "decomposition_time": 0.0007097721099853516,
  "expert_train_time_avg": 26.37175382886614,
  "verdict": "SURVIVES",
  "seed": 123,
  "config": {
    "n_embd": 64,
    "n_head": 4,
    "n_layer": 4,
    "block_size": 32,
    "lora_rank": 8,
    "lora_alpha": 1.0,
    "total_pretrain_steps": 1000,
    "expert_train_steps": 300,
    "n_experts": 4,
    "delta_ranks": [
      32,
      16,
      8,
      4
    ]
  }
}