{
  "conditions": [
    {
      "name": "pretrained",
      "base_val_loss": 0.502906110882759,
      "expert_val_losses": [
        0.42443048357963564,
        0.43563477098941805,
        0.41994512677192686,
        0.4360753774642944
      ],
      "mean_expert_loss": 0.42902143970131873,
      "mean_cos": 0.06458442223568757,
      "max_cos": 0.08887983113527298,
      "cosines": [
        [
          0,
          1,
          0.056867923587560654
        ],
        [
          0,
          2,
          0.06733528524637222
        ],
        [
          0,
          3,
          0.06350372731685638
        ],
        [
          1,
          2,
          0.0333271399140358
        ],
        [
          1,
          3,
          0.08887983113527298
        ],
        [
          2,
          3,
          0.0775926262140274
        ]
      ],
      "delta_reconstruction_error": null,
      "delta_rank": null
    },
    {
      "name": "delta_full",
      "base_val_loss": 0.5029061198234558,
      "expert_val_losses": [
        0.4237258225679398,
        0.43565515279769895,
        0.4199207663536072,
        0.4360252797603607
      ],
      "mean_expert_loss": 0.42883175536990165,
      "mean_cos": 0.06379558642705281,
      "max_cos": 0.08802860975265503,
      "cosines": [
        [
          0,
          1,
          0.059736765921115875
        ],
        [
          0,
          2,
          0.06356491148471832
        ],
        [
          0,
          3,
          0.0603024959564209
        ],
        [
          1,
          2,
          0.0333891287446022
        ],
        [
          1,
          3,
          0.08802860975265503
        ],
        [
          2,
          3,
          0.07775160670280457
        ]
      ],
      "delta_reconstruction_error": null,
      "delta_rank": null
    },
    {
      "name": "delta_r32",
      "base_val_loss": 0.5033885300159454,
      "expert_val_losses": [
        0.42398735880851746,
        0.43620094656944275,
        0.42072402536869047,
        0.4367314338684082
      ],
      "mean_expert_loss": 0.4294109411537647,
      "mean_cos": 0.0656083927800258,
      "max_cos": 0.08417452871799469,
      "cosines": [
        [
          0,
          1,
          0.06359820812940598
        ],
        [
          0,
          2,
          0.06677651405334473
        ],
        [
          0,
          3,
          0.05601886287331581
        ],
        [
          1,
          2,
          0.04954508692026138
        ],
        [
          1,
          3,
          0.08417452871799469
        ],
        [
          2,
          3,
          0.07353715598583221
        ]
      ],
      "delta_reconstruction_error": 0.205743566518501,
      "delta_rank": 32
    },
    {
      "name": "delta_r16",
      "base_val_loss": 0.5132395982742309,
      "expert_val_losses": [
        0.42978994846343993,
        0.4406920909881592,
        0.42512379586696625,
        0.4428006261587143
      ],
      "mean_expert_loss": 0.4346016153693199,
      "mean_cos": 0.07747956116994222,
      "max_cos": 0.10228297114372253,
      "cosines": [
        [
          0,
          1,
          0.07716255635023117
        ],
        [
          0,
          2,
          0.07839512825012207
        ],
        [
          0,
          3,
          0.08315879851579666
        ],
        [
          1,
          2,
          0.06475142389535904
        ],
        [
          1,
          3,
          0.10228297114372253
        ],
        [
          2,
          3,
          0.059126488864421844
        ]
      ],
      "delta_reconstruction_error": 0.421086150843649,
      "delta_rank": 16
    },
    {
      "name": "delta_r8",
      "base_val_loss": 0.5574637115001678,
      "expert_val_losses": [
        0.4468656718730927,
        0.45638792514801024,
        0.4403260678052902,
        0.4549225360155106
      ],
      "mean_expert_loss": 0.4496255502104759,
      "mean_cos": 0.18304497251907983,
      "max_cos": 0.19939781725406647,
      "cosines": [
        [
          0,
          1,
          0.19673103094100952
        ],
        [
          0,
          2,
          0.18967066705226898
        ],
        [
          0,
          3,
          0.17107664048671722
        ],
        [
          1,
          2,
          0.16438628733158112
        ],
        [
          1,
          3,
          0.17700739204883575
        ],
        [
          2,
          3,
          0.19939781725406647
        ]
      ],
      "delta_reconstruction_error": 0.6179271246962479,
      "delta_rank": 8
    },
    {
      "name": "delta_r4",
      "base_val_loss": 0.6099396228790284,
      "expert_val_losses": [
        0.46923179626464845,
        0.4734936743974686,
        0.45937933027744293,
        0.4719337373971939
      ],
      "mean_expert_loss": 0.4685096345841885,
      "mean_cos": 0.22200240939855576,
      "max_cos": 0.24555276334285736,
      "cosines": [
        [
          0,
          1,
          0.2114187330007553
        ],
        [
          0,
          2,
          0.21483130753040314
        ],
        [
          0,
          3,
          0.21872727572917938
        ],
        [
          1,
          2,
          0.2117203027009964
        ],
        [
          1,
          3,
          0.22976407408714294
        ],
        [
          2,
          3,
          0.24555276334285736
        ]
      ],
      "delta_reconstruction_error": 0.7573981648567191,
      "delta_rank": 4
    },
    {
      "name": "skeleton_only",
      "base_val_loss": 3.234864044189453,
      "expert_val_losses": [
        0.5521862536668778,
        0.550643402338028,
        0.5284309983253479,
        0.5457385420799256
      ],
      "mean_expert_loss": 0.5442497991025448,
      "mean_cos": 0.38332195083300274,
      "max_cos": 0.4187423586845398,
      "cosines": [
        [
          0,
          1,
          0.3401433229446411
        ],
        [
          0,
          2,
          0.3944675326347351
        ],
        [
          0,
          3,
          0.33875417709350586
        ],
        [
          1,
          2,
          0.3985735774040222
        ],
        [
          1,
          3,
          0.4187423586845398
        ],
        [
          2,
          3,
          0.40925073623657227
        ]
      ],
      "delta_reconstruction_error": 1.0,
      "delta_rank": null
    }
  ],
  "pretrained_effective_rank": 48.92317929262746,
  "delta_effective_rank": 39.508601054591274,
  "kill_quality_violated": false,
  "kill_coherence_violated": false,
  "kill_cost_violated": false,
  "pretrain_time": 22.91788101196289,
  "decomposition_time": 0.0008487701416015625,
  "expert_train_time_avg": 26.332358598709106,
  "verdict": "SURVIVES",
  "seed": 7,
  "config": {
    "n_embd": 64,
    "n_head": 4,
    "n_layer": 4,
    "block_size": 32,
    "lora_rank": 8,
    "lora_alpha": 1.0,
    "total_pretrain_steps": 1000,
    "expert_train_steps": 300,
    "n_experts": 4,
    "delta_ranks": [
      32,
      16,
      8,
      4
    ]
  }
}