{
  "config": {
    "d": 64,
    "r": 4,
    "seeds": [
      42,
      123,
      314
    ],
    "n_domains": 5
  },
  "per_seed": [
    {
      "seed": 42,
      "d": 64,
      "r": 4,
      "L": 2,
      "N": 5,
      "base_ppl": {
        "arithmetic": 12.130730815430619,
        "reverse": 9.88349914602103,
        "repeat": 7.208665536941059,
        "sort": 9.47648873018857,
        "parity": 5.46008760924426
      },
      "fp16_base_ppl": {
        "arithmetic": 6.847845556425178,
        "reverse": 5.501590954277448,
        "repeat": 2.483173334694777,
        "sort": 5.295844475365278,
        "parity": 2.2950371317119345
      },
      "fp16_single_ppl": {
        "arithmetic": 4.1294566070586844,
        "reverse": 3.3652525533602535,
        "repeat": 1.518613053186142,
        "sort": 3.069327248275658,
        "parity": 1.668178230794254
      },
      "ternary_single_ppl": {
        "arithmetic": 4.262551120142103,
        "reverse": 4.168172127632392,
        "repeat": 1.6790753923384758,
        "sort": 3.420830741446662,
        "parity": 1.7078842519031794
      },
      "fp16_eq_ppl": {
        "arithmetic": 11.99038692916156,
        "reverse": 4.7442322302299855,
        "repeat": 5.220817529775515,
        "sort": 4.516938115260529,
        "parity": 2.732459489240784
      },
      "ternary_eq_ppl": {
        "arithmetic": 8.377184750894786,
        "reverse": 4.859025030052939,
        "repeat": 4.112761604325578,
        "sort": 4.452298021751575,
        "parity": 2.732375566420663
      },
      "routed_ppl": {
        "k1": {
          "arithmetic": 4.266201823031368,
          "reverse": 5.457525824378043,
          "repeat": 1.6852110945266887,
          "sort": 3.4208307416038335,
          "parity": 1.7078842519280288
        },
        "k2": {
          "arithmetic": 4.429767064737158,
          "reverse": 4.886379131593867,
          "repeat": 2.268873194013846,
          "sort": 3.6077365359801714,
          "parity": 1.806781746611586
        },
        "k3": {
          "arithmetic": 4.5177223330407,
          "reverse": 4.400331887692505,
          "repeat": 2.7793548480814314,
          "sort": 3.7165026966135386,
          "parity": 1.8974900053580266
        }
      },
      "oracle_ppl": {
        "arithmetic": 4.262551120142103,
        "reverse": 4.168172127632392,
        "repeat": 1.6790753923384758,
        "sort": 3.420830741446662,
        "parity": 1.7078842519031794
      },
      "routing_accuracy": {
        "k1": 0.788,
        "k2": 0.852,
        "k3": 0.984
      },
      "router_training_time_s": 45.58118295669556,
      "kill_criteria": {
        "K1_domains_routed_better": 4,
        "K1_total_domains": 5,
        "K1_pass": true,
        "K2_router_time_s": 45.58118295669556,
        "K2_pass": true,
        "K3_ternary_fp16_ratio": 1.1029617620553358,
        "K3_per_domain_ratios": {
          "arithmetic": 1.0322305149921938,
          "reverse": 1.2385911789801367,
          "repeat": 1.1056637428577833,
          "sort": 1.11452134775413,
          "parity": 1.0238020256924347
        },
        "K3_pass": false
      },
      "summary": {
        "ternary_eq_mean_ppl": 4.906728994689108,
        "routed_k1_mean_ppl": 3.3075307470935926,
        "routed_k2_mean_ppl": 3.3999075345873258,
        "routed_k3_mean_ppl": 3.4622803541572402,
        "oracle_mean_ppl": 3.0477027266925623,
        "base_mean_ppl": 8.83189436756511,
        "fp16_eq_mean_ppl": 5.840966858733675
      },
      "cosine_sims": {
        "arithmetic-reverse": 0.053720744339520676,
        "arithmetic-repeat": 0.15324893404325127,
        "arithmetic-sort": 0.056238264040496914,
        "arithmetic-parity": 0.0052303120102893015,
        "reverse-repeat": 0.5759300700685439,
        "reverse-sort": 0.83005130577371,
        "reverse-parity": 0.21783966813714656,
        "repeat-sort": 0.5573146343074711,
        "repeat-parity": 0.06233473409462831,
        "sort-parity": 0.24102112528654743
      }
    },
    {
      "seed": 123,
      "d": 64,
      "r": 4,
      "L": 2,
      "N": 5,
      "base_ppl": {
        "arithmetic": 13.923597774422477,
        "reverse": 9.86162422402357,
        "repeat": 8.439474648283824,
        "sort": 9.257105619840113,
        "parity": 5.364965105951652
      },
      "fp16_base_ppl": {
        "arithmetic": 7.789178324507298,
        "reverse": 6.0154235989033955,
        "repeat": 3.1520707330861604,
        "sort": 5.145722968710604,
        "parity": 2.327447029231476
      },
      "fp16_single_ppl": {
        "arithmetic": 4.062648450236645,
        "reverse": 3.375740334100537,
        "repeat": 1.5773996738381593,
        "sort": 3.4537987757384063,
        "parity": 1.6465233249548712
      },
      "ternary_single_ppl": {
        "arithmetic": 4.489548587931676,
        "reverse": 4.046241669629225,
        "repeat": 1.93119013869398,
        "sort": 3.743382177902658,
        "parity": 1.7825094787919016
      },
      "fp16_eq_ppl": {
        "arithmetic": 10.974292914217047,
        "reverse": 5.319226358801144,
        "repeat": 6.149578702165187,
        "sort": 4.960211261724586,
        "parity": 2.999325470732098
      },
      "ternary_eq_ppl": {
        "arithmetic": 11.12307403773072,
        "reverse": 5.424984506066678,
        "repeat": 5.722359641719755,
        "sort": 5.074961035898269,
        "parity": 2.9519773707564583
      },
      "routed_ppl": {
        "k1": {
          "arithmetic": 55.14334266896232,
          "reverse": 5.566848688753999,
          "repeat": 2.170196512512528,
          "sort": 3.952127619530904,
          "parity": 5.599513203168074
        },
        "k2": {
          "arithmetic": 36.11758830303177,
          "reverse": 6.18945231723808,
          "repeat": 2.7511633079069924,
          "sort": 4.7833846831048605,
          "parity": 3.5550850886683483
        },
        "k3": {
          "arithmetic": 28.621913945032208,
          "reverse": 5.8123128187928685,
          "repeat": 3.377819546549743,
          "sort": 4.551460826460652,
          "parity": 4.127230656025669
        }
      },
      "oracle_ppl": {
        "arithmetic": 4.489548587931676,
        "reverse": 4.046241669629225,
        "repeat": 1.93119013869398,
        "sort": 3.743382177902658,
        "parity": 1.7825094787919016
      },
      "routing_accuracy": {
        "k1": 0.316,
        "k2": 0.448,
        "k3": 0.528
      },
      "router_training_time_s": 36.340619802474976,
      "kill_criteria": {
        "K1_domains_routed_better": 2,
        "K1_total_domains": 5,
        "K1_pass": false,
        "K2_router_time_s": 36.340619802474976,
        "K2_pass": true,
        "K3_ternary_fp16_ratio": 1.1388849353345902,
        "K3_per_domain_ratios": {
          "arithmetic": 1.1050792710528927,
          "reverse": 1.1986234926767088,
          "repeat": 1.2242871421387904,
          "sort": 1.0838448968707912,
          "parity": 1.0825898739337674
        },
        "K3_pass": false
      },
      "summary": {
        "ternary_eq_mean_ppl": 6.059471318434377,
        "routed_k1_mean_ppl": 14.486405738585564,
        "routed_k2_mean_ppl": 10.679334739990011,
        "routed_k3_mean_ppl": 9.298147558572229,
        "oracle_mean_ppl": 3.198574410589888,
        "base_mean_ppl": 9.369353474504326,
        "fp16_eq_mean_ppl": 6.080526941528013
      },
      "cosine_sims": {
        "arithmetic-reverse": 0.03487730929683712,
        "arithmetic-repeat": 0.1700777631483691,
        "arithmetic-sort": 0.03200869475044284,
        "arithmetic-parity": 0.11716627363856935,
        "reverse-repeat": 0.3748394006459369,
        "reverse-sort": 0.7965857699899271,
        "reverse-parity": 0.33376595076293547,
        "repeat-sort": 0.40331941630321505,
        "repeat-parity": 0.15305936852048938,
        "sort-parity": 0.3318427602329554
      }
    },
    {
      "seed": 314,
      "d": 64,
      "r": 4,
      "L": 2,
      "N": 5,