{
  "seeds": [
    42,
    123,
    777
  ],
  "steps_domain_a": 300,
  "steps_domain_b": 200,
  "static_domain_a_val": [
    0.5204735696315765,
    0.5264894604682923,
    0.5110146522521972
  ],
  "static_domain_b_val": [
    0.5025425791740418,
    0.5186355412006378,
    0.5044630408287049
  ],
  "splay_domain_a_val": [
    0.523603892326355,
    0.5228216767311096,
    0.5120718508958817
  ],
  "splay_domain_b_val": [
    0.5043194890022278,
    0.5260562926530838,
    0.5038957625627518
  ],
  "static_entropy_before": [
    0.8199766785393905,
    0.6907979268701945,
    0.8003994892324474
  ],
  "static_entropy_after": [
    0.7292030687983517,
    0.5842450636968788,
    0.5844802557046888
  ],
  "splay_entropy_before": [
    0.8121765315301184,
    0.725283515392128,
    0.7692860620028166
  ],
  "splay_entropy_after": [
    0.6962979693076947,
    0.5408826967066295,
    0.6211059734029389
  ],
  "static_time": [
    13.127470016479492,
    13.094776153564453,
    9.489095211029053
  ],
  "splay_time": [
    22.51220703125,
    17.053340196609497,
    14.53463888168335
  ],
  "delta_pct": 0.5656889204451901,
  "overhead_pct": 51.49301039197572,
  "kc1_pass": false,
  "kc2_pass": false,
  "overall": "KILL"
}