{
  "experiment": "pointer_routing_no_merge",
  "model": "microsoft/BitNet-b1.58-2B-4T",
  "n_domains": 5,
  "n_layers": 30,
  "lora_rank": 16,
  "lora_scale": 20.0,
  "base_ppls": {
    "medical": 6.495228827246388,
    "code": 4.97642219032554,
    "math": 3.838964886810244,
    "legal": 21.63002761203492,
    "finance": 19.429601006642617
  },
  "uniform_ppls": {
    "medical": 4.159027358453299,
    "code": 3.4618206332785464,
    "math": 2.9061638612177645,
    "legal": 16.078596842814843,
    "finance": 14.959038605537481
  },
  "oracle_single_ppls": {
    "medical": 3.4579711947601206,
    "code": 3.1429427577734366,
    "math": 2.3824459792793573,
    "legal": 14.655635537879995,
    "finance": 14.012010383211852
  },
  "routing_ppls": {
    "hash": {
      "medical": 4.295819323677235,
      "code": 3.5206231915120747,
      "math": 2.986797946293385,
      "legal": 15.768852947161308,
      "finance": 14.877942805693161
    },
    "learned_gate": {
      "medical": 3.4579711947601206,
      "code": 3.1429427577734366,
      "math": 2.3824459792793573,
      "legal": 14.655635537879995,
      "finance": 14.012010383211852
    },
    "mlp_gate": {
      "medical": 4.394984052968013,
      "code": 3.599073260732751,
      "math": 2.9077322651593254,
      "legal": 15.544455068714996,
      "finance": 14.392350127439693
    }
  },
  "improvements_vs_uniform": {
    "hash": {
      "medical": -3.2890373982730323,
      "code": -1.6986021074650206,
      "math": -2.7745883895835344,
      "legal": 1.9264361105736163,
      "finance": 0.5421190624797256
    },
    "learned_gate": {
      "medical": 16.85625275506469,
      "code": 9.211276645581542,
      "math": 18.020934363933446,
      "legal": 8.85003410960414,
      "finance": 6.3308094009133855
    },
    "mlp_gate": {
      "medical": -5.673362403715084,
      "code": -3.964752712338492,
      "math": -0.05396818680773476,
      "legal": 3.3220670890727817,
      "finance": 3.7882680367441095
    }
  },
  "specialization": {
    "hash": {
      "mean_layer_entropy": 1.1945919237642468,
      "max_possible_entropy": 1.6094379124341003,
      "entropy_ratio": 0.7422416947774991,
      "mean_diversity": 1.0,
      "same_adapter_fraction": 0.0,
      "mean_cross_layer_variation": 0.8,
      "layer_entropies": [
        1.0549201676861442,
        1.0549201676861442,
        1.0549201676861442,
        1.3321790398101223,
        1.3321790398101223,
        1.3321790398101223,
        1.0549201676861442,
        0.9502705389332347,
        1.3321790398101223,
        1.6094379119341005,
        1.3321790398101223,
        1.0549201676861442,
        1.3321790398101223,
        1.0549201676861442,
        0.6730116668092565,
        0.9502705389332347,
        1.3321790398101223,
        1.3321790398101223,
        1.0549201676861442,
        1.0549201676861442,
        1.6094379119341005,
        0.9502705389332347,
        0.9502705389332347,
        1.0549201676861442,
        1.6094379119341005,
        1.0549201676861442,
        1.0549201676861442,
        1.3321790398101223,
        1.3321790398101223,
        1.6094379119341005
      ]
    },
    "learned_gate": {
      "mean_layer_entropy": 1.6094379119341007,
      "max_possible_entropy": 1.6094379124341003,
      "entropy_ratio": 0.9999999996893327,
      "mean_diversity": 0.2,
      "same_adapter_fraction": 1.0,
      "mean_cross_layer_variation": 0.0,
      "layer_entropies": [
        1.6094379119341005,
        1.6094379119341005,
        1.6094379119341005,
        1.6094379119341005,
        1.6094379119341005,
        1.6094379119341005,
        1.6094379119341005,
        1.6094379119341005,
        1.6094379119341005,
        1.6094379119341005,
        1.6094379119341005,
        1.6094379119341005,
        1.6094379119341005,
        1.6094379119341005,
        1.6094379119341005,
        1.6094379119341005,
        1.6094379119341005,
        1.6094379119341005,
        1.6094379119341005,
        1.6094379119341005,
        1.6094379119341005,
        1.6094379119341005,
        1.6094379119341005,
        1.6094379119341005,
        1.6094379119341005,
        1.6094379119341005,
        1.6094379119341005,
        1.6094379119341005,
        1.6094379119341005,
        1.6094379119341005
      ]
    },
    "mlp_gate": {
      "mean_layer_entropy": -1.0000000826903713e-10,
      "max_possible_entropy": 1.6094379124341003,
      "entropy_ratio": -6.213349859380283e-11,
      "mean_diversity": 1.0,
      "same_adapter_fraction": 0.0,
      "mean_cross_layer_variation": 0.5517241379310345,
      "layer_entropies": [
        -1.000000082690371e-10,
        -1.000000082690371e-10,
        -1.000000082690371e-10,
        -1.000000082690371e-10,
        -1.000000082690371e-10,
        -1.000000082690371e-10,
        -1.000000082690371e-10,
        -1.000000082690371e-10,
        -1.000000082690371e-10,
        -1.000000082690371e-10,
        -1.000000082690371e-10,
        -1.000000082690371e-10,
        -1.000000082690371e-10,
        -1.000000082690371e-10,
        -1.000000082690371e-10,
        -1.000000082690371e-10,
        -1.000000082690371e-10,
        -1.000000082690371e-10,
        -1.000000082690371e-10,
        -1.000000082690371e-10,
        -1.000000082690371e-10,
        -1.000000082690371e-10,
        -1.000000082690371e-10,
        -1.000000082690371e-10,
        -1.000000082690371e-10,
        -1.000000082690371e-10,
        -1.000000082690371e-10,
        -1.000000082690371e-10,
        -1.000000082690371e-10,
        -1.000000082690371e-10
      ]
    }
  },
  "assignments": {
    "hash": {
      "medical": [
        3,
        4,
        2,
        4,
        4,
        1,
        2,
        2,
        2,
        4,
        3,
        2,
        4,
        1,
        3,
        1,
        3,
        4,
        0,
        3,
        1,
        4,
        3,
        0,
        0,
        2,
        2,
        1,
        3,
        3
      ],
      "code": [
        4,
        0,
        1,
        2,
        0,
        3,
        1,
        3,
        3,
        2,
        0,
        3,
        2,
        3,
        3,
        1,
        1,
        2,
        3,
        2,
        3,
        4,
        4,
        0,
        4,
        0,
        4,
        0,
        2,
        4
      ],
      "math": [
        4,
        3,
        1,
        3,
        3,
        0,
        4,
        3,
        2,
        0,
        1,
        3,
        3,
        3,
        4,
        1,
        1,
        0,
        4,
        3,
        0,
        2,
        4,
        1,
        2,
        0,
        0,
        2,
        2,
        2
      ],
      "legal": [
        3,
        3,
        4,
        0,
        3,
        4,
        1,
        0,
        1,
        1,
        0,
        0,
        4,
        2,
        4,
        0,
        4,
        1,
        4,
        0,
        2,
        4,
        4,
        1,
        1,
        4,
        2,
        3,
        0,
        0
      ],
      "finance": [
        0,
        4,
        2,
        3,
        2,
        3,
        4,
        3,
        0,
        3,
        2,
        0,
        0,
        2,
        3,
        2,
        2,
        2,
        0,
        0,
        4,
        0,
        2,
        3,
        3,
        4,
        0,
        0,
        4,
        1
      ]
    },
    "learned_gate": {
      "medical": [
        0,
        0,
        0,
        0,
        0,
        0,
        0,
        0,
        0,
        0,
        0,
        0,
        0,
        0,
        0,
        0,
        0,
        0,
        0,
        0,
        0,
        0,
        0,
        0,
        0,
        0,
        0,
        0,
        0,
        0
      ],