{
  "1": [
    {
      "mtp_depth": 1,
      "seed": 42,
      "single_per_domain": {
        "a_m": 0.4986326277256012,
        "n_z": 0.4684813112020493
      },
      "single_avg": 0.4835569694638252,
      "joint_per_domain": {
        "a_m": 0.5220334887504577,
        "n_z": 0.5313037693500519
      },
      "joint_avg": 0.5266686290502548,
      "composed_per_domain": {
        "a_m": 0.5164298862218857,
        "n_z": 0.49735350012779234
      },
      "composed_avg": 0.5068916931748391,
      "composition_gap_pct": -3.755100415052178
    },
    {
      "mtp_depth": 1,
      "seed": 123,
      "single_per_domain": {
        "a_m": 0.5076505392789841,
        "n_z": 0.4892468124628067
      },
      "single_avg": 0.49844867587089536,
      "joint_per_domain": {
        "a_m": 0.5290467232465744,
        "n_z": 0.5497922241687775
      },
      "joint_avg": 0.539419473707676,
      "composed_per_domain": {
        "a_m": 0.5338588923215866,
        "n_z": 0.5248240411281586
      },
      "composed_avg": 0.5293414667248726,
      "composition_gap_pct": -1.8683061094425513
    },
    {
      "mtp_depth": 1,
      "seed": 777,
      "single_per_domain": {
        "a_m": 0.4826720178127289,
        "n_z": 0.4712317079305649
      },
      "single_avg": 0.4769518628716469,
      "joint_per_domain": {
        "a_m": 0.5059504568576813,
        "n_z": 0.5223402291536331
      },
      "joint_avg": 0.5141453430056572,
      "composed_per_domain": {
        "a_m": 0.5076369374990464,
        "n_z": 0.5045563399791717
      },
      "composed_avg": 0.506096638739109,
      "composition_gap_pct": -1.5654531108841678
    }
  ],
  "2": [
    {
      "mtp_depth": 2,
      "seed": 42,
      "single_per_domain": {
        "a_m": 0.5045781463384629,
        "n_z": 0.475778141617775
      },
      "single_avg": 0.49017814397811893,
      "joint_per_domain": {
        "a_m": 0.5243848592042923,
        "n_z": 0.5337749987840652
      },
      "joint_avg": 0.5290799289941788,
      "composed_per_domain": {
        "a_m": 0.5267638027667999,
        "n_z": 0.5014102548360825
      },
      "composed_avg": 0.5140870288014412,
      "composition_gap_pct": -2.8337684669384875
    },
    {
      "mtp_depth": 2,
      "seed": 123,
      "single_per_domain": {
        "a_m": 0.5096062928438186,
        "n_z": 0.4943321466445923
      },
      "single_avg": 0.5019692197442055,
      "joint_per_domain": {
        "a_m": 0.535571140050888,
        "n_z": 0.5540162146091461
      },
      "joint_avg": 0.544793677330017,
      "composed_per_domain": {
        "a_m": 0.5380647510290146,
        "n_z": 0.5196540117263794
      },
      "composed_avg": 0.528859381377697,
      "composition_gap_pct": -2.924831292171487
    },
    {
      "mtp_depth": 2,
      "seed": 777,
      "single_per_domain": {
        "a_m": 0.484925377368927,
        "n_z": 0.48105689883232117
      },
      "single_avg": 0.4829911381006241,
      "joint_per_domain": {
        "a_m": 0.5191730469465256,
        "n_z": 0.5445055365562439
      },
      "joint_avg": 0.5318392917513848,
      "composed_per_domain": {
        "a_m": 0.516344678401947,
        "n_z": 0.5082093238830566
      },
      "composed_avg": 0.5122770011425017,
      "composition_gap_pct": -3.6782334273315938
    }
  ],
  "3": [
    {
      "mtp_depth": 3,
      "seed": 42,
      "single_per_domain": {
        "a_m": 0.5118007272481918,
        "n_z": 0.4824015378952026
      },
      "single_avg": 0.4971011325716972,
      "joint_per_domain": {
        "a_m": 0.5256776571273803,
        "n_z": 0.537298047542572
      },
      "joint_avg": 0.5314878523349762,
      "composed_per_domain": {
        "a_m": 0.5315703928470612,
        "n_z": 0.5080344796180725
      },
      "composed_avg": 0.5198024362325668,
      "composition_gap_pct": -2.1986233647809694
    },
    {
      "mtp_depth": 3,
      "seed": 123,
      "single_per_domain": {
        "a_m": 0.5164539039134979,
        "n_z": 0.5001165091991424
      },
      "single_avg": 0.5082852065563201,
      "joint_per_domain": {
        "a_m": 0.5309611260890961,
        "n_z": 0.5515129506587982
      },
      "joint_avg": 0.5412370383739471,
      "composed_per_domain": {
        "a_m": 0.5427298128604889,
        "n_z": 0.5269763916730881
      },
      "composed_avg": 0.5348531022667885,
      "composition_gap_pct": -1.1795083585443495
    },
    {
      "mtp_depth": 3,
      "seed": 777,
      "single_per_domain": {
        "a_m": 0.5012313783168793,
        "n_z": 0.4914923429489136
      },
      "single_avg": 0.49636186063289645,
      "joint_per_domain": {
        "a_m": 0.5185075730085373,
        "n_z": 0.5445215284824372
      },
      "joint_avg": 0.5315145507454873,
      "composed_per_domain": {
        "a_m": 0.5256490975618362,
        "n_z": 0.5150905638933182
      },
      "composed_avg": 0.5203698307275773,
      "composition_gap_pct": -2.0967854976460636
    }
  ]
}