{
  "sft_stress": {
    "pass1_mean": [
      0.34414429332687335,
      0.378601146982267,
      0.4079131359783365,
      0.4324232315387335,
      0.4530754212603837,
      0.46998756099275935,
      0.48328355739426965,
      0.49373219707470833,
      0.5011520441511771,
      0.5060805400377348,
      0.5089423384573134,
      0.5099162952259086,
      0.5088482476562757,
      0.5062327949879025,
      0.5024755521967432,
      0.49740766711250856,
      0.49183764845782385,
      0.4857530119423251,
      0.46918994288271626,
      0.279221462568651,
      0.1717054021326158,
      0.10869469621720898,
      0.07094554361296232,
      0.04749174957440183,
      0.0323370603924104,
      0.02220924520667129,
      0.01517216421821812,
      0.010461606291835969,
      0.007137579824221925,
      0.004951872902598615
    ],
    "pass1_std": [
      0.015267488298897612,
      0.015216857708881483,
      0.015087114060017504,
      0.014883378901302934,
      0.014674976191743495,
      0.014976725069466831,
      0.01503378517412039,
      0.015189800540377281,
      0.01530400498206146,
      0.015264510369845904,
      0.015093508107790749,
      0.01518520096182893,
      0.015209542232205282,
      0.015173698234781326,
      0.015297520758486425,
      0.015367798423797648,
      0.015440116238640729,
      0.015427998737277921,
      0.04767794924738734,
      0.028384958699385936,
      0.01780899487199962,
      0.012078974691032814,
      0.008927695674746671,
      0.006952394323221638,
      0.005189373683425374,
      0.003769348381178935,
      0.002452933503754789,
      0.0018648665092610955,
      0.0013141377872669484,
      0.000893941102374624
    ],
    "diversity_mean": [
      1.0,
      0.9696528844888939,
      0.937645181868399,
      0.9049887732433122,
      0.8707007014611683,
      0.8354961237640968,
      0.7979865899821582,
      0.7600724406680691,
      0.7204401360591333,
      0.6800506338868172,
      0.6396278366612265,
      0.5991607133480936,
      0.5570869886398745,
      0.5149159298856769,
      0.47337049879630805,
      0.43142823511298545,
      0.39143677068212934,
      0.3528482702853382,
      0.31254815340530795,
      0.2753463777675291,
      0.2390427497288028,
      0.20643244837587105,
      0.1751395374867148,
      0.14604226393895603,
      0.12024838077708322,
      0.0968802950907803,
      0.07750254034346167,
      0.060059296996826626,
      0.0503196127097454,
      0.05000000000000001
    ],
    "diversity_std": [
      0.0,
      0.0031173958014347487,
      0.0035694808155997985,
      0.0042018634533963735,
      0.004246294223403977,
      0.005816433912394206,
      0.0062620053517787174,
      0.006557557281433039,
      0.007417938567436962,
      0.007995669123388224,
      0.007478690335027591,
      0.008426840317578782,
      0.009203714741982326,
      0.009291222469034048,
      0.008410092912729244,
      0.007809481295945843,
      0.007893023763799602,
      0.008044687280292683,
      0.007992342901744368,
      0.008396264694465243,
      0.008807941811399156,
      0.008606302768520289,
      0.007775740077646116,
      0.007126449642015838,
      0.006193350761250406,
      0.0059295838159678605,
      0.006229056894640533,
      0.005964020891418555,
      0.0013311340620212153,
      6.938893903907228e-18
    ],
    "n_collapsed": 20,
    "collapse_cycles": [
      19,
      19,
      19,
      19,
      19,
      19,
      18,
      19,
      19,
      19,
      19,
      19,
      19,
      19,
      19,
      19,
      19,
      19,
      19,
      19
    ],
    "peak_cycles": [
      11,
      11,
      11,
      11,
      11,
      11,
      11,
      11,
      11,
      11,
      11,
      10,
      11,
      12,
      11,
      11,
      11,
      11,
      11,
      11
    ]
  },
  "dpo_stress": {
    "pass1_mean": [
      0.34414429332687335,
      0.4147637578433604,
      0.4735383606761204,
      0.5224821724406785,
      0.5635737647970785,
      0.5977904980115637,
      0.6256634617991199,
      0.6484463162436022,
      0.6661767261314699,
      0.6796660901393549,
      0.6896632507016272,
      0.6965223208748317,
      0.6999897955129347,
      0.7008188517886211,
      0.6995596859457434,
      0.6959888266055301,
      0.6911950742442244,
      0.685148014412841,
      0.6767700403386006,
      0.6679317281587391,
      0.6578790757856547,
      0.6477464688507284,
      0.6367756587370974,
      0.6253229275420084,
      0.613875788376703,
      0.6022509588553469,
      0.3868658005031825,
      0.2351415234795391,
      0.1497869994266984,
      0.09970182284948667
    ],
    "pass1_std": [
      0.015267488298897612,
      0.015208927955921422,
      0.01491573300626356,
      0.014527535809439615,
      0.014192633451774678,
      0.014575406754723935,
      0.014546531872691755,
      0.01472221267000514,
      0.014919656371155948,
      0.014954121168384245,
      0.014827207565712257,
      0.015084890972133553,
      0.015441071485486893,
      0.015641250164452173,
      0.01604499943479936,
      0.016480463341428865,
      0.01687268573724889,
      0.017140778611407354,
      0.017475527869121713,
      0.017859662528582586,
      0.018082680049713744,
      0.018456763253819997,
      0.018750531016319474,
      0.01851646957440275,
      0.018522737018122775,
      0.0183138050979976,
      0.08955738133032615,
      0.04693542265410865,
      0.026956176148079904,
      0.016369112891815918
    ],
    "diversity_mean": [
      1.0,
      0.9846528844888937,
      0.968110558597119,
      0.9513261678427561,
      0.9332628977430257,
      0.9145502727626648,
      0.8937126604606211,
      0.8725144989427982,
      0.8495310643320325,
      0.8255597538624831,
      0.8011652210322093,
      0.7761805191451796,
      0.7488709974714298,
      0.720498364427306,
      0.6915719940364629,
      0.6608719419084399,
      0.6304914137117057,
      0.5997336997530173,
      0.5653145492354372,
      0.5316961096321478,
      0.4966222392660652,
      0.46271595366562474,
      0.42765891381087906,
      0.39225146094873264,
      0.3576356801966221,
      0.32312560869316914,
      0.2904585571378224,
      0.2579873874569937,
      0.22678319567183675,
      0.19794523472068754
    ],
    "diversity_std": [
      0.0,
      0.0031173958014347487,
      0.0036115549892408966,
      0.004281366555977981,
      0.004384415151744544,
      0.006017398894084415,
      0.006550976174410288,
      0.0069821235031996606,
      0.007946554122364568,
      0.008631968369748989,
      0.008286381328634601,
      0.009380015135413993,
      0.01035266966439139,
      0.01072525080332504,
      0.01012671953021737,
      0.009704670770064611,
      0.009961444367803062,
      0.010250184284366306,
      0.01051388901170736,
      0.011041003730371828,
      0.01144586435490529,
      0.011408671949178469,
      0.010869232191541187,
      0.010215624696511848,
      0.009276111855862731,
      0.00886435574841883,
      0.009279035569200459,
      0.008843876220546255,
      0.007857935227999515,
      0.006272487872626637
    ],
    "n_collapsed": 20,
    "collapse_cycles": [
      26,
      26,
      27,
      26,
      26,
      26,
      26,
      26,
      26,
      26,
      26,
      26,
      27,
      26,
      26,
      26,
      26,
      26,
      26,
      27
    ],
    "peak_cycles": [
      13,
      13,
      13,
      13,
      13,
      13,
      12,
      12,
      13,
      13,
      14,
      12,
      13,
      12,
      13,
      13,
      12,
      14,
      13,
      13
    ]
  },
  "dpo_init_0.10": {
    "peak_pass1": 0.6705325029011249,
    "final_pass1": 0.09877991518834306,
    "n_collapsed": 20
  },
  "dpo_init_0.20": {
    "peak_pass1": 0.6858433971612886,
    "final_pass1": 0.09926394653075647,
    "n_collapsed": 20
  },
  "dpo_init_0.30": {
    "peak_pass1": 0.7011485788670526,