{
  "seeds": {
    "42": {
      "ap_skeleton": {
        "welch_bound": 0.0,
        "mean_coherence": 9.067360338121944e-07,
        "max_coherence": 9.812625876293168e-07
      },
      "ap_cosines": [
        0.03278481979400133,
        0.10548174485128796,
        0.026731556270494203,
        0.02617613313688263,
        0.2911986622380797,
        0.465487447492548,
        0.2274588191856878,
        0.2342862632325715,
        0.10537237083481556,
        0.19962403972944184
      ],
      "rand_cosines": [
        0.06379858254191134,
        0.1520810367837393,
        0.03834140240259631,
        0.05892159114865703,
        0.3969245739113437,
        0.707760612086225,
        0.18934076381846995,
        0.3754302730107788,
        0.1557742337340284,
        0.18259668249559732
      ],
      "ap_mean_cos": 0.17146018567658103,
      "rand_mean_cos": 0.2320969751933347,
      "cos_ratio": 0.7387437321565964,
      "ap_losses": [
        1.4888381953127257,
        1.7652524940736651,
        1.0894746920063867,
        1.6189377615712033,
        0.7588798037149914
      ],
      "rand_losses": [
        1.612279412102547,
        1.802798889673489,
        1.388621562050148,
        1.680189047850822,
        0.680673188477987
      ],
      "ap_individual_ppls": [
        4.990073739665409,
        5.628629285197618,
        3.127460986565668,
        4.968372385645114,
        1.8786734096711817
      ],
      "rand_individual_ppls": [
        5.217240395418953,
        6.527757174912887,
        4.243353302654485,
        5.199792576436676,
        1.9784569165358932
      ],
      "ap_mean_ppl": 4.118641961348998,
      "rand_mean_ppl": 4.633320073191779,
      "quality_ratio": 0.8889180752219796,
      "ap_composed": {
        "arithmetic": 62.513127862504625,
        "reverse": 14.6885439144417,
        "repeat": 23.01256916151417,
        "sort": 14.322524189911944,
        "parity": 22.11995777943651,
        "mean": 27.33134458156179
      },
      "rand_composed": {
        "arithmetic": 82.25263821972652,
        "reverse": 10.836908436591164,
        "repeat": 24.196555537767036,
        "sort": 10.65444826840483,
        "parity": 25.2717683464236,
        "mean": 30.64246376178263
      }
    },
    "123": {
      "ap_skeleton": {
        "welch_bound": 0.0,
        "mean_coherence": 9.461688250667066e-07,
        "max_coherence": 1.0593973911454668e-06
      },
      "ap_cosines": [
        0.07737053107318041,
        0.15669508417371875,
        0.08019616458016057,
        0.026455942135002238,
        0.31030369342296965,
        0.539010390622624,
        0.1399388044218336,
        0.35917014094671684,
        0.1749979793031955,
        0.13265855086404196
      ],
      "rand_cosines": [
        0.0688056076645444,
        0.1316444048986648,
        0.055232578648101514,
        0.00650275513927958,
        0.37677141181888774,
        0.7892068704386356,
        0.1289931601591744,
        0.35956268548785625,
        0.11246113362101827,
        0.1172726000214106
      ],
      "ap_mean_cos": 0.19967972815434437,
      "rand_mean_cos": 0.21464532078975732,
      "cos_ratio": 0.9302775733458846,
      "ap_losses": [
        1.53461187799739,
        1.6963791208902175,
        1.1351102337966796,
        1.5210867379895021,
        0.6257852234622747
      ],
      "rand_losses": [
        1.7308042913226385,
        1.811977623521382,
        1.4092992688338695,
        1.7810107992154496,
        0.7300993520543609
      ],
      "ap_individual_ppls": [
        5.1621003547373,
        5.77252773969121,
        3.6623799996721975,
        5.01053501329368,
        1.848279835574817
      ],
      "rand_individual_ppls": [
        6.191006912958922,
        6.093788667039468,
        4.6138568733494525,
        5.9539721723526124,
        2.068444538935814
      ],
      "ap_mean_ppl": 4.2911645885938405,
      "rand_mean_ppl": 4.984213832927255,
      "quality_ratio": 0.8609511414307875,
      "ap_composed": {
        "arithmetic": 114.12007691790652,
        "reverse": 12.183797831276904,
        "repeat": 27.575063536494543,
        "sort": 10.303166437197161,
        "parity": 25.917300113153566,
        "mean": 38.01988096720574
      },
      "rand_composed": {
        "arithmetic": 133.52832127350962,
        "reverse": 10.361893348663209,
        "repeat": 21.37272591373474,
        "sort": 9.309137244496776,
        "parity": 24.11714145209077,
        "mean": 39.737843846499025
      }
    },
    "314": {
      "ap_skeleton": {
        "welch_bound": 0.0,
        "mean_coherence": 9.223371080224751e-07,
        "max_coherence": 1.0255280358251184e-06
      },
      "ap_cosines": [
        0.05353110486893465,
        0.10645744585538461,
        0.025821321125123916,
        0.12848547238729094,
        0.18966578400913306,
        0.5619978713757459,
        0.1364433750349826,
        0.1905958382623308,
        0.036629733593301364,
        0.2228539652379486
      ],
      "rand_cosines": [
        0.02737771351036311,
        0.18566724261643383,
        0.012276182318398457,
        0.05124410608284889,
        0.3375696449366215,
        0.7216805563430913,
        0.21258825624967218,
        0.34479125150909223,
        0.03419592405500585,
        0.24069167309996428
      ],
      "ap_mean_cos": 0.16524819117501766,
      "rand_mean_cos": 0.21680825507214915,
      "cos_ratio": 0.7621858822673823,
      "ap_losses": [
        1.4950402260455549,
        1.6390606293937924,
        1.1933916329248968,
        1.648151417038248,
        0.570882935092019
      ],
      "rand_losses": [
        1.6564708952095109,
        1.8042144894157608,
        1.522791925045767,
        1.7962193083280835,
        0.6721104798407181
      ],
      "ap_individual_ppls": [
        5.039418594440407,
        5.262859023120363,
        3.406083310804614,
        5.824870605091194,
        1.799408513873441
      ],
      "rand_individual_ppls": [
        5.322799622665777,
        7.083429051413303,
        4.948449947964322,
        6.364477344131741,
        2.0328888298446866
      ],
      "ap_mean_ppl": 4.266528009466004,
      "rand_mean_ppl": 5.150408959203967,
      "quality_ratio": 0.828386258889513,
      "ap_composed": {
        "arithmetic": 63.69065826608118,
        "reverse": 11.224781109316348,
        "repeat": 27.795624589063788,
        "sort": 11.229520120222059,
        "parity": 16.192620717428348,
        "mean": 26.026640960422345
      },
      "rand_composed": {
        "arithmetic": 74.59967471363355,
        "reverse": 9.881448480661486,
        "repeat": 24.0938844303214,
        "sort": 9.540944503304624,
        "parity": 22.837296992004667,
        "mean": 28.190649823985144
      }
    }
  },
  "summary": {
    "agg_ap_mean_cos": 0.17879603500198102,
    "agg_rand_mean_cos": 0.22118351701841374,
    "agg_ratio": 0.8083605750201363,
    "per_seed_ratios": [
      0.7387437321565964,
      0.9302775733458846,
      0.7621858822673823
    ],
    "wilcoxon_p": 0.020244861021637917,
    "improvement_pct": 19.163942497986376,
    "agg_quality_ratio": 0.8594184918474267,
    "agg_ap_composed_ppl": 30.459288836396624,
    "agg_rand_composed_ppl": 32.856985810755596,
    "composed_ratio": 0.9270262650332918,
    "k1_pass": false,
    "k1_ratio": 0.8083605750201363,
    "k1_threshold": 0.7,
    "k2_pass": true,
    "k2_ratio": 0.8594184918474267,
    "k2_threshold": 1.05,
    "verdict": "KILLED (K1: insufficient orthogonality improvement)",
    "elapsed_seconds": 281.43145394325256
  }
}