{
  "model": "Qwen/Qwen2.5-0.5B",
  "baseline_loss": 2.815781497955322,
  "n_adapters": 3,
  "pruning_results": [
    {
      "threshold": 0.05,
      "n_pruned": 53180.0,
      "n_total": 116736,
      "pct_pruned": 45.55578399122807,
      "gate_loss": 8.34789056777954,
      "gate_quality_delta_pct": 196.46798140556555,
      "random_loss": 8.203977227210999,
      "random_quality_delta_pct": 191.35702586185437,
      "gate_advantage_pp": -5.110955543711185
    },
    {
      "threshold": 0.01,
      "n_pruned": 8291.0,
      "n_total": 116736,
      "pct_pruned": 7.102350603070176,
      "gate_loss": 3.3679099440574647,
      "gate_quality_delta_pct": 19.60835549573254,
      "random_loss": 3.182501184940338,
      "random_quality_delta_pct": 13.023726707889411,
      "gate_advantage_pp": -6.584628787843128
    },
    {
      "threshold": 0.001,
      "n_pruned": 0.0,
      "n_total": 116736,
      "pct_pruned": 0.0,
      "gate_loss": 2.815781497955322,
      "gate_quality_delta_pct": 0.0,
      "random_loss": 2.815781497955322,
      "random_quality_delta_pct": 0.0,
      "gate_advantage_pp": 0.0
    }
  ],
  "elapsed_s": 166.28227496147156
}