{
  "seeds": {
    "42": {
      "verdict": "KILLED",
      "aggregate": {
        "1": {
          "mean_gap_reduction_pct": 1.528237412322205,
          "mean_adapted_loss": 0.44924976825714114,
          "mean_zs_loss": 0.44949229806661606,
          "mean_retrained_loss": 0.4394539311528206,
          "mean_original_loss": 0.43329899907112124,
          "adapted_loss_ratio": 1.0368123841047732,
          "zs_loss_ratio": 1.037372112629406,
          "retrained_loss_ratio": 1.014204814908167,
          "recovery_of_retrained_pct": 2.416028538640689,
          "k2_adapted_on_orig_ratio": 0.9998760893193553
        },
        "5": {
          "mean_gap_reduction_pct": 7.537674902071571,
          "mean_adapted_loss": 0.44826644510030744,
          "mean_zs_loss": 0.44949229806661606,
          "mean_retrained_loss": 0.4394539311528206,
          "mean_original_loss": 0.43329899907112124,
          "adapted_loss_ratio": 1.0345429970096225,
          "zs_loss_ratio": 1.037372112629406,
          "retrained_loss_ratio": 1.014204814908167,
          "recovery_of_retrained_pct": 12.211677225125566,
          "k2_adapted_on_orig_ratio": 0.9996597090337451
        },
        "10": {
          "mean_gap_reduction_pct": 13.553923330632706,
          "mean_adapted_loss": 0.4472862809896469,
          "mean_zs_loss": 0.44949229806661606,
          "mean_retrained_loss": 0.4394539311528206,
          "mean_original_loss": 0.43329899907112124,
          "adapted_loss_ratio": 1.0322809005986875,
          "zs_loss_ratio": 1.037372112629406,
          "retrained_loss_ratio": 1.014204814908167,
          "recovery_of_retrained_pct": 21.97585618949364,
          "k2_adapted_on_orig_ratio": 0.9997796115575723
        },
        "25": {
          "mean_gap_reduction_pct": 25.613717146791675,
          "mean_adapted_loss": 0.4453528866171837,
          "mean_zs_loss": 0.44949229806661606,
          "mean_retrained_loss": 0.4394539311528206,
          "mean_original_loss": 0.43329899907112124,
          "adapted_loss_ratio": 1.027818867737758,
          "zs_loss_ratio": 1.037372112629406,
          "retrained_loss_ratio": 1.014204814908167,
          "recovery_of_retrained_pct": 41.23590504877167,
          "k2_adapted_on_orig_ratio": 1.0014871482638632
        },
        "50": {
          "mean_gap_reduction_pct": 35.443129668601514,
          "mean_adapted_loss": 0.44378944784402846,
          "mean_zs_loss": 0.44949229806661606,
          "mean_retrained_loss": 0.4394539311528206,
          "mean_original_loss": 0.43329899907112124,
          "adapted_loss_ratio": 1.0242106462174987,
          "zs_loss_ratio": 1.037372112629406,
          "retrained_loss_ratio": 1.014204814908167,
          "recovery_of_retrained_pct": 56.81053771985782,
          "k2_adapted_on_orig_ratio": 1.0047995468330788
        }
      },
      "kill_criteria": {
        "k1_gap_reduction_pct": 35.443129668601514,
        "k1_threshold": 50.0,
        "k1_verdict": "KILLED",
        "k2_worst_ratio": 1.0138576148527865,
        "k2_any_expert_hurt_5pct": false,
        "k2_verdict": "KILLED",
        "overall_verdict": "KILLED"
      }
    },
    "123": {
      "verdict": "KILLED",
      "aggregate": {
        "1": {
          "mean_gap_reduction_pct": 1.4710382507691326,
          "mean_adapted_loss": 0.4412364162504673,
          "mean_zs_loss": 0.4415524177253246,
          "mean_retrained_loss": 0.4278646968305111,
          "mean_original_loss": 0.4204276196658611,
          "adapted_loss_ratio": 1.0494943614816366,
          "zs_loss_ratio": 1.0502459806904518,
          "retrained_loss_ratio": 1.017689316345488,
          "recovery_of_retrained_pct": 2.3086493161471577,
          "k2_adapted_on_orig_ratio": 1.0000226054620698
        },
        "5": {
          "mean_gap_reduction_pct": 7.285673078609073,
          "mean_adapted_loss": 0.43995399847626687,
          "mean_zs_loss": 0.4415524177253246,
          "mean_retrained_loss": 0.4278646968305111,
          "mean_original_loss": 0.4204276196658611,
          "adapted_loss_ratio": 1.0464440914370101,
          "zs_loss_ratio": 1.0502459806904518,
          "retrained_loss_ratio": 1.017689316345488,
          "recovery_of_retrained_pct": 11.677760389946465,
          "k2_adapted_on_orig_ratio": 1.000073350790258
        },
        "10": {
          "mean_gap_reduction_pct": 13.375193336946381,
          "mean_adapted_loss": 0.43860727548599243,
          "mean_zs_loss": 0.4415524177253246,
          "mean_retrained_loss": 0.4278646968305111,
          "mean_original_loss": 0.4204276196658611,
          "adapted_loss_ratio": 1.0432408694618582,
          "zs_loss_ratio": 1.0502459806904518,
          "retrained_loss_ratio": 1.017689316345488,
          "recovery_of_retrained_pct": 21.516673679640625,
          "k2_adapted_on_orig_ratio": 1.0006602935673679
        },
        "25": {
          "mean_gap_reduction_pct": 25.77994800554815,
          "mean_adapted_loss": 0.43580303713679314,
          "mean_zs_loss": 0.4415524177253246,
          "mean_retrained_loss": 0.4278646968305111,
          "mean_original_loss": 0.4204276196658611,
          "adapted_loss_ratio": 1.0365709024615266,
          "zs_loss_ratio": 1.0502459806904518,
          "retrained_loss_ratio": 1.017689316345488,
          "recovery_of_retrained_pct": 42.003929158797796,
          "k2_adapted_on_orig_ratio": 1.0042002157127459
        },
        "50": {
          "mean_gap_reduction_pct": 36.70940959429102,
          "mean_adapted_loss": 0.4332117781043053,
          "mean_zs_loss": 0.4415524177253246,
          "mean_retrained_loss": 0.4278646968305111,
          "mean_original_loss": 0.4204276196658611,
          "adapted_loss_ratio": 1.0304075133042032,
          "zs_loss_ratio": 1.0502459806904518,
          "retrained_loss_ratio": 1.017689316345488,
          "recovery_of_retrained_pct": 60.93519647650306,
          "k2_adapted_on_orig_ratio": 1.0099662158746594
        }
      },
      "kill_criteria": {
        "k1_gap_reduction_pct": 36.70940959429102,
        "k1_threshold": 50.0,
        "k1_verdict": "KILLED",
        "k2_worst_ratio": 1.017951300485212,
        "k2_any_expert_hurt_5pct": false,
        "k2_verdict": "KILLED",
        "overall_verdict": "KILLED"
      }
    },
    "7": {
      "verdict": "KILLED",
      "aggregate": {
        "1": {
          "mean_gap_reduction_pct": 1.1874239767710622,
          "mean_adapted_loss": 0.44584781751036645,
          "mean_zs_loss": 0.44604544937610624,
          "mean_retrained_loss": 0.434310607612133,
          "mean_original_loss": 0.42914696261286733,
          "adapted_loss_ratio": 1.0389164000971036,
          "zs_loss_ratio": 1.0393769226755147,
          "retrained_loss_ratio": 1.0120323466064556,
          "recovery_of_retrained_pct": 1.6841459791106115,
          "k2_adapted_on_orig_ratio": 1.0001479067471268
        },
        "5": {
          "mean_gap_reduction_pct": 6.826290094896962,
          "mean_adapted_loss": 0.4448991186916828,
          "mean_zs_loss": 0.44604544937610624,
          "mean_retrained_loss": 0.434310607612133,
          "mean_original_loss": 0.42914696261286733,
          "adapted_loss_ratio": 1.0367057382461902,
          "zs_loss_ratio": 1.0393769226755147,
          "retrained_loss_ratio": 1.0120323466064556,
          "recovery_of_retrained_pct": 9.768607940203037,
          "k2_adapted_on_orig_ratio": 1.0002110292279882
        },
        "10": {
          "mean_gap_reduction_pct": 12.684406496226769,
          "mean_adapted_loss": 0.4439076654613018,
          "mean_zs_loss": 0.44604544937610624,
          "mean_retrained_loss": 0.434310607612133,
          "mean_original_loss": 0.42914696261286733,
          "adapted_loss_ratio": 1.0343954498910204,
          "zs_loss_ratio": 1.0393769226755147,
          "retrained_loss_ratio": 1.0120323466064556,
          "recovery_of_retrained_pct": 18.217407252864977,