{
  "experiment": "warmstart_fp16_to_ternary",
  "architecture": {
    "d_model": 512,
    "n_layers": 4,
    "n_heads": 8,
    "head_dim": 64,
    "block_size": 128,
    "mlp_dim": 2048,
    "vocab_size": 50257,
    "extra_rmsnorm": true,
    "lm_head_fp32": true
  },
  "training": {
    "total_steps": 3000,
    "batch_size": 32,
    "block_size": 128,
    "fp16_lr": 0.0003,
    "ternary_lr": 0.001,
    "post_switch_lr": 0.0005,
    "warmup_steps": 150,
    "optimizer": "AdamW"
  },
  "data": {
    "source": "HuggingFaceFW/fineweb-edu (sample-10BT)",
    "tokenizer": "GPT-2 BPE",
    "train_tokens": 2000000,
    "val_tokens": 200000
  },
  "fp32_baseline": {
    "ppl": 344.0948181307318,
    "final_loss": 4.388147354125977,
    "train_time_s": 503.3,
    "params": 64116224,
    "loss_curve": [
      7.354532718658447,
      6.666862487792969,
      6.462175369262695,
      6.152774333953857,
      5.907402992248535,
      5.803745746612549,
      5.572968006134033,
      5.523996829986572,
      5.476492881774902,
      5.332617282867432,
      5.231905937194824,
      5.1875739097595215,
      5.14159631729126,
      4.655779838562012,
      4.656210899353027,
      4.773672103881836,
      4.868195533752441,
      4.77830696105957,
      4.704377174377441,
      4.450106143951416,
      4.561519622802734,
      4.2313337326049805,
      4.370409965515137,
      4.411022186279297,
      4.361508846282959,
      4.514931678771973,
      4.518781661987305,
      4.415310859680176,
      4.454819202423096,
      4.388147354125977
    ]
  },
  "cold_start_ternary": {
    "ppl": 416.7995057917219,
    "final_loss": 4.303787708282471,
    "train_time_s": 518.7,
    "params": 64134656,
    "zero_fraction": 0.32018375396728516,
    "loss_curve": [
      7.33017635345459,
      6.7180705070495605,
      6.5291218757629395,
      6.260576248168945,
      6.016906261444092,
      5.932163238525391,
      5.7473883628845215,
      5.684026718139648,
      5.597125053405762,
      5.491703033447266,
      5.349116325378418,
      5.327202320098877,
      5.260409832000732,
      4.764229774475098,
      4.7729034423828125,
      4.875833988189697,
      4.966812610626221,
      4.834132671356201,
      4.7660112380981445,
      4.502111434936523,
      4.5986528396606445,
      4.2118048667907715,
      4.347467422485352,
      4.361181259155273,
      4.3357367515563965,
      4.513317108154297,
      4.488038063049316,
      4.389813423156738,
      4.417874336242676,
      4.303787708282471
    ]
  },
  "warm_start_results": {
    "10pct": {
      "switch_fraction": 0.1,
      "switch_step": 300,
      "ppl": 360.0584414062684,
      "final_loss": 4.764013290405273,
      "pre_switch_loss": 6.6507697105407715,
      "pre_switch_ppl": 842.6504156977745,
      "max_loss_spike": 0.4348311424255371,
      "spike_recovered": true,
      "k2_non_recoverable": false,
      "train_time_s": 518.3,
      "params": 64134656,
      "zero_fraction": 0.31258344650268555,
      "loss_curve": [
        7.39212703704834,
        6.737795829772949,
        6.6507697105407715,
        6.458359718322754,
        6.252038955688477,
        6.138084411621094,
        5.884368896484375,
        5.812824249267578,
        5.730587959289551,
        5.642419815063477,
        5.503198623657227,
        5.455447196960449,
        5.408588409423828,
        4.9286088943481445,
        4.966705799102783,
        5.039621353149414,
        5.097793102264404,
        5.081561088562012,
        5.006341934204102,
        4.758955001831055,
        4.8799848556518555,
        4.598333358764648,
        4.742541313171387,
        4.774895668029785,
        4.7533979415893555,
        4.893569469451904,
        4.869261264801025,
        4.8339056968688965,
        4.835827350616455,
        4.764013290405273
      ]
    },
    "20pct": {
      "switch_fraction": 0.2,
      "switch_step": 600,
      "ppl": 382.2643389926954,
      "final_loss": 5.057616233825684,
      "pre_switch_loss": 6.244799613952637,
      "pre_switch_ppl": 655.3217916747441,
      "max_loss_spike": 0.6853446960449219,
      "spike_recovered": true,
      "k2_non_recoverable": false,
      "train_time_s": 517.2,
      "params": 64134656,
      "zero_fraction": 0.3121961752573649,
      "loss_curve": [
        7.415829658508301,
        6.749101161956787,
        6.545961380004883,
        6.315257549285889,
        6.1776227951049805,
        6.244799613952637,
        6.163520812988281,
        6.055905342102051,
        5.937784671783447,
        5.885912895202637,
        5.700588226318359,
        5.623448371887207,
        5.592884540557861,
        5.130023956298828,
        5.169946670532227,
        5.289441108703613,
        5.26489782333374,
        5.2891035079956055,
        5.255528450012207,
        5.03196382522583,
        5.09958028793335,
        4.916196823120117,
        5.062682151794434,
        5.099799633026123,
        5.052278995513916,
        5.1938276290893555,
        5.169928073883057,
        5.170202255249023,
        5.174708843231201,
        5.057616233825684
      ]
    }
  },
  "best_warm_start": {
    "condition": "10pct",
    "ppl": 360.0584414062684,
    "ratio_vs_fp32": 1.0463930940961497
  },
  "kill_criteria": {
    "K1_warmstart_ppl_within_1_5x": true,
    "K2_no_non_recoverable_spike": true
  },
  "success_criteria": {
    "S1_warmstart_within_1_2x": true
  },
  "cold_vs_warm_improvement_pct": 13.61351527460963,
  "total_time_s": 2062.1,
  "cold_start_ternary_no_wd": {
    "ppl": 411.16426863305225,
    "final_loss": 4.307426452636719,
    "train_time_s": 516.6,
    "params": 64134656,
    "zero_fraction": 0.3213076591491699,
    "weight_decay": 0.0,
    "loss_curve": [
      7.402785778045654,
      6.7733564376831055,
      6.56179141998291,
      6.301133155822754,
      6.075669288635254,
      5.980356693267822,
      5.794335842132568,
      5.707581996917725,
      5.649709701538086,
      5.553936004638672,
      5.389936923980713,
      5.344145774841309,
      5.336531162261963,
      4.783168792724609,
      4.825777053833008,
      4.91254997253418,
      5.001675605773926,
      4.9074320793151855,
      4.785590171813965,
      4.571316719055176,
      4.634362697601318,
      4.250072956085205,
      4.40654993057251,
      4.415358543395996,
      4.359485149383545,
      4.560125827789307,
      4.512342929840088,
      4.4147114753723145,
      4.448172569274902,
      4.307426452636719
    ]
  },
  "weight_decay_ablation": {
    "cold_wd001_ppl": 416.7995057917219,
    "cold_wd000_ppl": 411.16426863305225,
    "cold_wd000_ratio_vs_fp32": 1.1949,
    "warm_best_ppl": 360.0584414062684,
    "wd_effect_on_cold_pct": 1.35,
    "warm_improvement_vs_cold_wd001_pct": 13.61,
    "warm_improvement_vs_cold_wd000_pct": 12.43
  }
}