{
  "seed": 42,
  "n_embd": 64,
  "lora_rank": 8,
  "n_par_heads": 2,
  "pretrain_steps": 200,
  "adapt_steps": 200,
  "merge_every_par": 50,
  "merge_every_seq": 100,
  "expert_steps": 100,
  "n_experts": 4,
  "pretrained_loss": 0.5574292063713073,
  "parallel_loss": 0.5413213670253754,
  "sequential_loss": 0.5403287351131439,
  "continued_loss": 0.5608587980270385,
  "parallel_rank": 53.95291295968387,
  "sequential_rank": 53.99494649858746,
  "continued_rank": 52.57567076301349,
  "parallel_time": 0.8252382278442383,
  "sequential_time": 1.2217838764190674,
  "continued_time": 0.9443118572235107,
  "parallel_mean_cos": 0.010607066748586172,
  "sequential_mean_cos": 0.024176458440100152,
  "continued_mean_cos": 0.0325849074870348,
  "parallel_max_cos": 0.028548698872327805,
  "sequential_max_cos": 0.041478466242551804,
  "continued_max_cos": 0.04259198158979416,
  "parallel_expert_losses": [
    0.49149406850337984,
    0.4934677481651306,
    0.5049063295125962,
    0.5003698855638504
  ],
  "sequential_expert_losses": [
    0.4913824737071991,
    0.49163803160190583,
    0.502579253911972,
    0.49857168197631835
  ],
  "continued_expert_losses": [
    0.497914457321167,
    0.5018675863742829,
    0.5128163158893585,
    0.49323499798774717
  ],
  "parallel_mean_exp_loss": 0.49755950793623926,
  "sequential_mean_exp_loss": 0.49604286029934885,
  "continued_mean_exp_loss": 0.5014583393931389,
  "par_base_ratio": 0.9651651519573979,
  "seq_base_ratio": 0.9633953091454077,
  "par_cos_ratio": 0.32552084895380157,
  "seq_cos_ratio": 0.7419526493662063,
  "par_loss_ratio": 0.9922250142203036,
  "seq_loss_ratio": 0.9892005403652615,
  "par_compute_ratio": 0.6754371569072083,
  "par_vs_seq_base": 1.0018370888807566,
  "par_vs_seq_cos": 0.4387353414242875,
  "par_vs_seq_loss": 1.0030574931266465,
  "k1": "SURVIVES",
  "k2": "SURVIVES",
  "k3": "SURVIVES",
  "verdict": "SURVIVES"
}