{
  "seed": 123,
  "n_embd": 64,
  "lora_rank": 8,
  "n_par_heads": 4,
  "pretrain_steps": 500,
  "adapt_steps": 500,
  "merge_every_par": 50,
  "merge_every_seq": 100,
  "expert_steps": 300,
  "n_experts": 4,
  "pretrained_loss": 0.5282035291194915,
  "parallel_loss": 0.5201317280530929,
  "sequential_loss": 0.5177623689174652,
  "continued_loss": 0.5309261381626129,
  "parallel_rank": 53.56393054421379,
  "sequential_rank": 53.85473780864046,
  "continued_rank": 52.993271905358114,
  "parallel_time": 1.9254109859466553,
  "sequential_time": 2.400604248046875,
  "continued_time": 3.899923324584961,
  "parallel_mean_cos": 0.010860790867203226,
  "sequential_mean_cos": 0.007823896458527694,
  "continued_mean_cos": 0.022697067838938285,
  "parallel_max_cos": 0.016843050718307495,
  "sequential_max_cos": 0.02528218738734722,
  "continued_max_cos": 0.04092118516564369,
  "parallel_expert_losses": [
    0.4603202372789383,
    0.4444469422101974,
    0.44528367519378664,
    0.45443434715270997
  ],
  "sequential_expert_losses": [
    0.458008873462677,
    0.44254464507102964,
    0.4417291164398193,
    0.45222593247890475
  ],
  "continued_expert_losses": [
    0.47230629324913026,
    0.44936607480049134,
    0.4522465169429779,
    0.4625165671110153
  ],
  "parallel_mean_exp_loss": 0.4511213004589081,
  "sequential_mean_exp_loss": 0.4486271418631077,
  "continued_mean_exp_loss": 0.4591088630259037,
  "par_base_ratio": 0.9796687159764708,
  "seq_base_ratio": 0.9752060252831419,
  "par_cos_ratio": 0.4785107461366586,
  "seq_cos_ratio": 0.3447095683769595,
  "par_loss_ratio": 0.9826020292543829,
  "seq_loss_ratio": 0.9771694210068391,
  "par_compute_ratio": 0.8020526446674258,
  "par_vs_seq_base": 1.0045761516805036,
  "par_vs_seq_cos": 1.3881562624691048,
  "par_vs_seq_loss": 1.0055595356634839,
  "k1": "SURVIVES",
  "k2": "SURVIVES",
  "k3": "SURVIVES",
  "verdict": "SURVIVES"
}