{
  "seed": 7,
  "n_embd": 64,
  "lora_rank": 8,
  "n_par_heads": 4,
  "pretrain_steps": 500,
  "adapt_steps": 500,
  "merge_every_par": 50,
  "merge_every_seq": 100,
  "expert_steps": 300,
  "n_experts": 4,
  "pretrained_loss": 0.5337698817253113,
  "parallel_loss": 0.5202840566635132,
  "sequential_loss": 0.515596142411232,
  "continued_loss": 0.5305116891860961,
  "parallel_rank": 52.98990880984205,
  "sequential_rank": 53.27737870532525,
  "continued_rank": 52.12886962389902,
  "parallel_time": 2.083807945251465,
  "sequential_time": 3.6207542419433594,
  "continued_time": 4.176783084869385,
  "parallel_mean_cos": 0.007527371092389028,
  "sequential_mean_cos": 0.0094281822287788,
  "continued_mean_cos": 0.015164234520246586,
  "parallel_max_cos": 0.01301178615540266,
  "sequential_max_cos": 0.01711130142211914,
  "continued_max_cos": 0.030846090987324715,
  "parallel_expert_losses": [
    0.4488567292690277,
    0.46005619168281553,
    0.44527592360973356,
    0.45063218772411345
  ],
  "sequential_expert_losses": [
    0.44608964025974274,
    0.45658124685287477,
    0.44207774102687836,
    0.4481268584728241
  ],
  "continued_expert_losses": [
    0.45678083002567293,
    0.4652374744415283,
    0.4526835083961487,
    0.45814463794231414
  ],
  "parallel_mean_exp_loss": 0.45120525807142253,
  "sequential_mean_exp_loss": 0.44821887165308,
  "continued_mean_exp_loss": 0.458211612701416,
  "par_base_ratio": 0.9807211928934974,
  "seq_base_ratio": 0.9718846029599851,
  "par_cos_ratio": 0.49638978359523783,
  "seq_cos_ratio": 0.6217380913997992,
  "par_loss_ratio": 0.9847093473042471,
  "seq_loss_ratio": 0.9781918642559028,
  "par_compute_ratio": 0.5755176424601665,
  "par_vs_seq_base": 1.0090922213446918,
  "par_vs_seq_cos": 0.7983904965915822,
  "par_vs_seq_loss": 1.0066627859873944,
  "k1": "SURVIVES",
  "k2": "SURVIVES",
  "k3": "SURVIVES",
  "verdict": "SURVIVES"
}