{
  "seeds": {
    "42": {
      "seed": 42,
      "n_embd": 64,
      "lora_rank": 8,
      "n_par_heads": 4,
      "pretrain_steps": 500,
      "adapt_steps": 500,
      "merge_every_par": 50,
      "merge_every_seq": 100,
      "expert_steps": 300,
      "n_experts": 4,
      "pretrained_loss": 0.5144283056259156,
      "parallel_loss": 0.505558431148529,
      "sequential_loss": 0.5014878123998642,
      "continued_loss": 0.517715722322464,
      "parallel_rank": 53.158003359710776,
      "sequential_rank": 53.35858774937397,
      "continued_rank": 52.94613096281742,
      "parallel_time": 1.871534824371338,
      "sequential_time": 2.329457998275757,
      "continued_time": 2.9432220458984375,
      "parallel_mean_cos": 0.011072915086212257,
      "sequential_mean_cos": 0.005034819439363976,
      "continued_mean_cos": 0.02831650882338484,
      "parallel_max_cos": 0.024935221299529076,
      "sequential_max_cos": 0.006265332456678152,
      "continued_max_cos": 0.051513440907001495,
      "parallel_expert_losses": [
        0.4554884433746338,
        0.45251708924770356,
        0.4595939934253693,
        0.460011625289917
      ],
      "sequential_expert_losses": [
        0.45399267971515656,
        0.4497323513031006,
        0.45546900033950805,
        0.45888440907001493
      ],
      "continued_expert_losses": [
        0.45801461338996885,
        0.4541771233081818,
        0.45823379456996916,
        0.46279370188713076
      ],
      "parallel_mean_exp_loss": 0.4569027878344059,
      "sequential_mean_exp_loss": 0.454519610106945,
      "continued_mean_exp_loss": 0.45830480828881265,
      "par_base_ratio": 0.9765174387202806,
      "seq_base_ratio": 0.968654786355009,
      "par_cos_ratio": 0.39104097030057555,
      "seq_cos_ratio": 0.1778050913899466,
      "par_loss_ratio": 0.9969408558888169,
      "seq_loss_ratio": 0.9917408717639419,
      "par_compute_ratio": 0.8034207209384445,
      "par_vs_seq_base": 1.0081170840985685,
      "par_vs_seq_cos": 2.199267564084041,
      "par_vs_seq_loss": 1.0052432891199017,
      "k1": "SURVIVES",
      "k2": "SURVIVES",
      "k3": "SURVIVES",
      "verdict": "SURVIVES"
    },
    "123": {
      "seed": 123,
      "n_embd": 64,
      "lora_rank": 8,
      "n_par_heads": 4,
      "pretrain_steps": 500,
      "adapt_steps": 500,
      "merge_every_par": 50,
      "merge_every_seq": 100,
      "expert_steps": 300,
      "n_experts": 4,
      "pretrained_loss": 0.5282035291194915,
      "parallel_loss": 0.5201317280530929,
      "sequential_loss": 0.5177623689174652,
      "continued_loss": 0.5309261381626129,
      "parallel_rank": 53.56393054421379,
      "sequential_rank": 53.85473780864046,
      "continued_rank": 52.993271905358114,
      "parallel_time": 1.9254109859466553,
      "sequential_time": 2.400604248046875,
      "continued_time": 3.899923324584961,
      "parallel_mean_cos": 0.010860790867203226,
      "sequential_mean_cos": 0.007823896458527694,
      "continued_mean_cos": 0.022697067838938285,
      "parallel_max_cos": 0.016843050718307495,
      "sequential_max_cos": 0.02528218738734722,
      "continued_max_cos": 0.04092118516564369,
      "parallel_expert_losses": [
        0.4603202372789383,
        0.4444469422101974,
        0.44528367519378664,
        0.45443434715270997
      ],
      "sequential_expert_losses": [
        0.458008873462677,
        0.44254464507102964,
        0.4417291164398193,
        0.45222593247890475
      ],
      "continued_expert_losses": [
        0.47230629324913026,
        0.44936607480049134,
        0.4522465169429779,
        0.4625165671110153
      ],
      "parallel_mean_exp_loss": 0.4511213004589081,
      "sequential_mean_exp_loss": 0.4486271418631077,
      "continued_mean_exp_loss": 0.4591088630259037,
      "par_base_ratio": 0.9796687159764708,
      "seq_base_ratio": 0.9752060252831419,
      "par_cos_ratio": 0.4785107461366586,
      "seq_cos_ratio": 0.3447095683769595,
      "par_loss_ratio": 0.9826020292543829,
      "seq_loss_ratio": 0.9771694210068391,
      "par_compute_ratio": 0.8020526446674258,
      "par_vs_seq_base": 1.0045761516805036,
      "par_vs_seq_cos": 1.3881562624691048,
      "par_vs_seq_loss": 1.0055595356634839,
      "k1": "SURVIVES",
      "k2": "SURVIVES",
      "k3": "SURVIVES",
      "verdict": "SURVIVES"
    },
    "7": {
      "seed": 7,
      "n_embd": 64,
      "lora_rank": 8,
      "n_par_heads": 4,
      "pretrain_steps": 500,
      "adapt_steps": 500,
      "merge_every_par": 50,
      "merge_every_seq": 100,
      "expert_steps": 300,
      "n_experts": 4,
      "pretrained_loss": 0.5337698817253113,
      "parallel_loss": 0.5202840566635132,
      "sequential_loss": 0.515596142411232,
      "continued_loss": 0.5305116891860961,
      "parallel_rank": 52.98990880984205,
      "sequential_rank": 53.27737870532525,
      "continued_rank": 52.12886962389902,
      "parallel_time": 2.083807945251465,
      "sequential_time": 3.6207542419433594,
      "continued_time": 4.176783084869385,
      "parallel_mean_cos": 0.007527371092389028,
      "sequential_mean_cos": 0.0094281822287788,
      "continued_mean_cos": 0.015164234520246586,
      "parallel_max_cos": 0.01301178615540266,
      "sequential_max_cos": 0.01711130142211914,
      "continued_max_cos": 0.030846090987324715,
      "parallel_expert_losses": [
        0.4488567292690277,
        0.46005619168281553,
        0.44527592360973356,
        0.45063218772411345
      ],
      "sequential_expert_losses": [
        0.44608964025974274,
        0.45658124685287477,
        0.44207774102687836,
        0.4481268584728241
      ],
      "continued_expert_losses": [
        0.45678083002567293,
        0.4652374744415283,
        0.4526835083961487,
        0.45814463794231414
      ],
      "parallel_mean_exp_loss": 0.45120525807142253,
      "sequential_mean_exp_loss": 0.44821887165308,
      "continued_mean_exp_loss": 0.458211612701416,
      "par_base_ratio": 0.9807211928934974,
      "seq_base_ratio": 0.9718846029599851,
      "par_cos_ratio": 0.49638978359523783,
      "seq_cos_ratio": 0.6217380913997992,
      "par_loss_ratio": 0.9847093473042471,
      "seq_loss_ratio": 0.9781918642559028,
      "par_compute_ratio": 0.5755176424601665,
      "par_vs_seq_base": 1.0090922213446918,
      "par_vs_seq_cos": 0.7983904965915822,
      "par_vs_seq_loss": 1.0066627859873944,
      "k1": "SURVIVES",
      "k2": "SURVIVES",
      "k3": "SURVIVES",
      "verdict": "SURVIVES"
    }
  },
  "aggregate": {
    "par_base_ratio": {
      "mean": 0.9789691158634163,
      "ci95": [
        0.9765174387202805,
        0.9807211928934972
      ]
    },
    "seq_base_ratio": {
      "mean": 0.9719151381993787,
      "ci95": [
        0.968654786355009,
        0.9752060252831419
      ]
    },
    "par_cos_ratio": {
      "mean": 0.4553138333441573,
      "ci95": [
        0.39104097030057555,
        0.49638978359523783
      ]
    },
    "seq_cos_ratio": {
      "mean": 0.3814175837222351,
      "ci95": [
        0.1778050913899466,
        0.6217380913997992
      ]
    },
    "par_loss_ratio": {
      "mean": 0.9880840774824823,
      "ci95": [
        0.9826020292543829,
        0.9969408558888168
      ]
    },
    "seq_loss_ratio": {
      "mean": 0.9823673856755613,
      "ci95": [
        0.9771694210068391,
        0.9917408717639419
      ]
    },
    "par_vs_seq_base": {
      "mean": 1.0072618190412548,
      "ci95": [
        1.0045761516805036,
        1.0090922213446918
      ]
    },
    "par_vs_seq_cos": {
      "mean": 1.4619381077149096,
      "ci95": [
        0.7983904965915821,
        2.199267564084041
      ]
    },
    "par_vs_seq_loss": {
      "mean": 1.0058218702569268,
      "ci95": [
        1.0052432891199017,
        1.0066627859873944
      ]
    },
    "overall": "SURVIVES"
  }
}