{
  "experiment": "batched_lora_gather",
  "config": {
    "micro": {
      "d_model": 128,
      "n_heads": 4,
      "n_layers": 4,
      "vocab_size": 256,
      "lora_rank": 8,
      "seq_len": 1,
      "warmup": 200,
      "timed": 1000
    },
    "prod": {
      "d_model": 2560,
      "n_heads": 32,
      "n_layers": 30,
      "vocab_size": 151936,
      "lora_rank": 16,
      "seq_len": 1,
      "warmup": 50,
      "timed": 200
    },
    "k_values": [
      1,
      2,
      3,
      5
    ],
    "mlx_version": "0.31.1"
  },
  "numerical_equivalence": {
    "K=1": {
      "stacked_mse": 0.0,
      "stacked_max_diff": 0.0,
      "concat_mse": 0.0,
      "concat_max_diff": 0.0,
      "addmm_mse": 0.0,
      "addmm_max_diff": 0.0
    },
    "K=2": {
      "stacked_mse": 0.0,
      "stacked_max_diff": 0.0,
      "concat_mse": 0.0,
      "concat_max_diff": 0.0,
      "addmm_mse": 2.6265773410416582e-14,
      "addmm_max_diff": 4.76837158203125e-07
    },
    "K=3": {
      "stacked_mse": 0.0,
      "stacked_max_diff": 0.0,
      "concat_mse": 0.0,
      "concat_max_diff": 0.0,
      "addmm_mse": 2.6079019586205954e-14,
      "addmm_max_diff": 4.76837158203125e-07
    },
    "K=5": {
      "stacked_mse": 0.0,
      "stacked_max_diff": 0.0,
      "concat_mse": 1.1577598688777835e-14,
      "concat_max_diff": 2.980232238769531e-07,
      "addmm_mse": 3.336355714270156e-14,
      "addmm_max_diff": 6.258487701416016e-07
    }
  },
  "micro_speed": {
    "base": {
      "mean_ms": 0.3647,
      "std_ms": 0.0428,
      "p50_ms": 0.3535,
      "p95_ms": 0.4052,
      "tok_s": 2742.1
    },
    "K=1": {
      "sequential": {
        "mean_ms": 0.5938,
        "std_ms": 0.1079,
        "p50_ms": 0.5754,
        "p95_ms": 0.6714,
        "tok_s": 1684.1
      },
      "stacked": {
        "mean_ms": 0.6427,
        "std_ms": 0.1147,
        "p50_ms": 0.6246,
        "p95_ms": 0.7104,
        "tok_s": 1555.9
      },
      "concat": {
        "mean_ms": 0.6204,
        "std_ms": 0.1111,
        "p50_ms": 0.5982,
        "p95_ms": 0.6874,
        "tok_s": 1611.8
      },
      "addmm": {
        "mean_ms": 0.5028,
        "std_ms": 0.0705,
        "p50_ms": 0.4887,
        "p95_ms": 0.5361,
        "tok_s": 1989.0
      },
      "speedup_stacked": 0.9239,
      "speedup_concat": 0.9571,
      "speedup_addmm": 1.181
    },
    "K=2": {
      "sequential": {
        "mean_ms": 0.823,
        "std_ms": 0.1592,
        "p50_ms": 0.7885,
        "p95_ms": 0.9768,
        "tok_s": 1215.1
      },
      "stacked": {
        "mean_ms": 0.7758,
        "std_ms": 0.133,
        "p50_ms": 0.7499,
        "p95_ms": 0.9175,
        "tok_s": 1289.0
      },
      "concat": {
        "mean_ms": 0.7956,
        "std_ms": 0.1521,
        "p50_ms": 0.7727,
        "p95_ms": 0.8984,
        "tok_s": 1257.0
      },
      "addmm": {
        "mean_ms": 0.6898,
        "std_ms": 0.1436,
        "p50_ms": 0.6693,
        "p95_ms": 0.7737,
        "tok_s": 1449.6
      },
      "speedup_stacked": 1.0608,
      "speedup_concat": 1.0344,
      "speedup_addmm": 1.1931
    },
    "K=3": {
      "sequential": {
        "mean_ms": 1.0568,
        "std_ms": 0.2264,
        "p50_ms": 1.0044,
        "p95_ms": 1.1587,
        "tok_s": 946.2
      },
      "stacked": {
        "mean_ms": 0.7813,
        "std_ms": 0.139,
        "p50_ms": 0.7638,
        "p95_ms": 0.9229,
        "tok_s": 1279.9
      },
      "concat": {
        "mean_ms": 0.9602,
        "std_ms": 0.1677,
        "p50_ms": 0.9435,
        "p95_ms": 1.1074,
        "tok_s": 1041.4
      },
      "addmm": {
        "mean_ms": 0.8902,
        "std_ms": 0.107,
        "p50_ms": 0.8747,
        "p95_ms": 0.9718,
        "tok_s": 1123.4
      },
      "speedup_stacked": 1.3526,
      "speedup_concat": 1.1006,
      "speedup_addmm": 1.1871
    },
    "K=5": {
      "sequential": {
        "mean_ms": 1.3592,
        "std_ms": 0.1151,
        "p50_ms": 1.3281,
        "p95_ms": 1.4837,
        "tok_s": 735.7
      },
      "stacked": {
        "mean_ms": 0.7788,
        "std_ms": 0.1297,
        "p50_ms": 0.7546,
        "p95_ms": 0.8663,
        "tok_s": 1284.0
      },
      "concat": {
        "mean_ms": 1.219,
        "std_ms": 0.1203,
        "p50_ms": 1.1948,
        "p95_ms": 1.2697,
        "tok_s": 820.3
      },
      "addmm": {
        "mean_ms": 1.216,
        "std_ms": 0.1318,
        "p50_ms": 1.1846,
        "p95_ms": 1.3244,
        "tok_s": 822.3
      },
      "speedup_stacked": 1.7452,
      "speedup_concat": 1.115,
      "speedup_addmm": 1.1178
    }
  },
  "prod_speed": {
    "base": {
      "mean_ms": 51.7193,
      "std_ms": 0.617,
      "p50_ms": 51.608,
      "p95_ms": 52.6141,
      "tok_s": 19.3
    },
    "K=1": {
      "sequential": {
        "mean_ms": 53.3345,
        "std_ms": 0.5884,
        "p50_ms": 53.2537,
        "p95_ms": 54.3249,
        "tok_s": 18.7
      },
      "stacked": {
        "mean_ms": 53.6439,
        "std_ms": 0.7204,
        "p50_ms": 53.5323,
        "p95_ms": 54.7641,
        "tok_s": 18.6
      },
      "concat": {
        "mean_ms": 53.4557,
        "std_ms": 0.6842,
        "p50_ms": 53.381,
        "p95_ms": 54.1477,
        "tok_s": 18.7
      },
      "addmm": {
        "mean_ms": 52.7369,
        "std_ms": 0.4469,
        "p50_ms": 52.6979,
        "p95_ms": 53.5289,
        "tok_s": 19.0
      },
      "speedup_stacked": 0.9942,
      "speedup_concat": 0.9977,
      "speedup_addmm": 1.0113,
      "peak_memory_gb": {
        "sequential": 16.264,
        "stacked": 16.264,
        "concat": 16.264,
        "addmm": 16.264
      }
    },
    "K=2": {
      "sequential": {
        "mean_ms": 54.1886,
        "std_ms": 0.5483,
        "p50_ms": 54.1258,
        "p95_ms": 54.942,
        "tok_s": 18.5
      },
      "stacked": {
        "mean_ms": 54.7487,
        "std_ms": 0.4304,
        "p50_ms": 54.6826,
        "p95_ms": 55.4952,
        "tok_s": 18.3
      },
      "concat": {
        "mean_ms": 54.483,
        "std_ms": 0.4578,
        "p50_ms": 54.4307,
        "p95_ms": 55.408,
        "tok_s": 18.4
      },
      "addmm": {
        "mean_ms": 53.9564,
        "std_ms": 0.6846,
        "p50_ms": 53.8601,
        "p95_ms": 54.9386,
        "tok_s": 18.5
      },
      "speedup_stacked": 0.9898,
      "speedup_concat": 0.9946,
      "speedup_addmm": 1.0043,
      "peak_memory_gb": {
        "sequential": 16.264,
        "stacked": 16.494,
        "concat": 16.589,
        "addmm": 16.589
      }
    },
    "K=3": {
      "sequential": {
        "mean_ms": 55.6028,
        "std_ms": 0.4805,
        "p50_ms": 55.5911,
        "p95_ms": 56.3225,
        "tok_s": 18.0
      },
      "stacked": {
        "mean_ms": 55.8461,
        "std_ms": 0.3358,
        "p50_ms": 55.8543,
        "p95_ms": 56.3546,
        "tok_s": 17.9
      },
      "concat": {
        "mean_ms": 55.9643,
        "std_ms": 0.4188,
        "p50_ms": 55.9626,
        "p95_ms": 56.622,
        "tok_s": 17.9
      },
      "addmm": {
        "mean_ms": 55.2923,
        "std_ms": 0.4666,
        "p50_ms": 55.2496,
        "p95_ms": 56.0571,
        "tok_s": 18.1
      },
      "speedup_stacked": 0.9956,
      "speedup_concat": 0.9935,
      "speedup_addmm": 1.0056,
      "peak_memory_gb": {
        "sequential": 16.59,
        "stacked": 16.924,
        "concat": 16.846,
        "addmm": 16.752
      }
    },
    "K=5": {
      "sequential": {
        "mean_ms": 58.0371,
        "std_ms": 0.4668,
        "p50_ms": 58.022,
        "p95_ms": 58.7633,
        "tok_s": 17.2
      },
      "stacked": {
        "mean_ms": 56.7038,
        "std_ms": 0.3421,
        "p50_ms": 56.706,
        "p95_ms": 57.2874,
        "tok_s": 17.6
      },
      "concat": {
        "mean_ms": 58.3257,
        "std_ms": 0.5305,
        "p50_ms": 58.2389,
        "p95_ms": 59.6058,
        "tok_s": 17.1
      },
      "addmm": {
        "mean_ms": 57.8784,
        "std_ms": 0.4533,
        "p50_ms": 57.843,