{
  "config": {
    "d": 64,
    "r": 8,
    "N": 6,
    "n_layers": 2,
    "d_ff": 256,
    "steps": 200,
    "lr": 0.01,
    "seeds": [
      42,
      137,
      777
    ],
    "domain_pairs": {
      "similar_1": [
        0,
        1
      ],
      "similar_2": [
        2,
        3
      ],
      "dissimilar_1": [
        0,
        50
      ],
      "dissimilar_2": [
        2,
        100
      ]
    },
    "all_domains": [
      0,
      1,
      2,
      3,
      50,
      100
    ]
  },
  "per_seed": [
    {
      "seed": 42,
      "config": {
        "d": 64,
        "r": 8,
        "N": 6,
        "n_layers": 2,
        "d_ff": 256,
        "steps": 200,
        "lr": 0.01
      },
      "b_matrix_cosines": {
        "ap_trained": {
          "mean": 0.030801888701535062,
          "max": 0.11513358354568481,
          "std": 0.030800342033343725,
          "values": {
            "(0, 1)": 0.04822568967938423,
            "(0, 2)": 0.11513358354568481,
            "(0, 3)": 0.0010544774122536182,
            "(0, 50)": 0.01379621122032404,
            "(0, 100)": 0.01306474395096302,
            "(1, 2)": 9.619845513952896e-06,
            "(1, 3)": 0.002400775905698538,
            "(1, 50)": 0.04196319356560707,
            "(1, 100)": 0.04864007607102394,
            "(2, 3)": 0.023670868948101997,
            "(2, 50)": 0.06945010274648666,
            "(2, 100)": 0.013997119851410389,
            "(3, 50)": 0.001474800636060536,
            "(3, 100)": 0.04893941432237625,
            "(50, 100)": 0.02020765282213688
          }
        },
        "rand_trained": {
          "mean": 0.02542224930366501,
          "max": 0.060726381838321686,
          "std": 0.018283458690798768
        },
        "random_baseline": {
          "mean": 0.012307781532096366,
          "max": 0.031753059476614,
          "std": 0.009827286856957338
        },
        "delta_vectors": {
          "mean": 0.0016807873786698717,
          "max": 0.003544918727129698,
          "std": 0.0010599089434765554
        }
      },
      "ratios": {
        "ap_vs_baseline": 2.5026353141879847,
        "ap_vs_rand_trained": 1.2116114641789189,
        "similar_vs_dissimilar": 2.5868276976919975
      },
      "domain_effect": {
        "similar_mean": 0.035948279313743114,
        "dissimilar_mean": 0.013896665535867214
      },
      "per_layer_cos": {
        "0": {
          "mean": 0.034502955444622785,
          "max": 0.11722841113805771
        },
        "1": {
          "mean": 0.03649705920834094,
          "max": 0.11425156891345978
        }
      },
      "amplification": {
        "ap_trained": {
          "mean_output_dev_pct": 0.000428090279456228,
          "max_output_dev_pct": 0.0013109827414155006,
          "sum_layer_err_pct": "64.62428",
          "amplification_ratio": "6.6242947e-06",
          "remove_idx": 3
        },
        "rand_trained": {
          "mean_output_dev_pct": 0.0004774246772285551,
          "max_output_dev_pct": 0.0011309179244562984,
          "sum_layer_err_pct": "65.681206",
          "amplification_ratio": "7.268817e-06",
          "remove_idx": 3
        },
        "shuffled_b": {
          "mean_output_dev_pct": 0.0006332546472549438,
          "max_output_dev_pct": 0.0017947973683476448,
          "sum_layer_err_pct": "85.2368",
          "amplification_ratio": "7.429357e-06",
          "remove_idx": 3
        },
        "ap_vs_shuffled_ratio": "0.8916377"
      },
      "losses": {
        "0": 3.4655988216400146,
        "1": 3.4659790992736816,
        "2": 3.465592384338379,
        "3": 3.465942621231079,
        "50": 3.465698480606079,
        "100": 3.4655094146728516
      }
    },
    {
      "seed": 137,
      "config": {
        "d": 64,
        "r": 8,
        "N": 6,
        "n_layers": 2,
        "d_ff": 256,
        "steps": 200,
        "lr": 0.01
      },
      "b_matrix_cosines": {
        "ap_trained": {
          "mean": 0.027686346524084606,
          "max": 0.09176551550626755,
          "std": 0.022241707926945416,
          "values": {
            "(0, 1)": 0.0031127978581935167,
            "(0, 2)": 0.027094151824712753,
            "(0, 3)": 0.011097989976406097,
            "(0, 50)": 0.03583153709769249,
            "(0, 100)": 0.04535967856645584,
            "(1, 2)": 0.05025499686598778,
            "(1, 3)": 0.022851528599858284,
            "(1, 50)": 0.02657586708664894,
            "(1, 100)": 0.09176551550626755,
            "(2, 3)": 0.029788566753268242,
            "(2, 50)": 0.006704410072416067,
            "(2, 100)": 0.03498315066099167,
            "(3, 50)": 0.008851401507854462,
            "(3, 100)": 0.01682240143418312,
            "(50, 100)": 0.004201204050332308
          }
        },
        "rand_trained": {
          "mean": 0.019790546142030508,
          "max": 0.06664151698350906,
          "std": 0.018497694450639784
        },
        "random_baseline": {
          "mean": 0.013122095881650845,
          "max": 0.023744413629174232,
          "std": 0.006631565343538849
        },
        "delta_vectors": {
          "mean": 0.0017094198779280608,
          "max": 0.006336665712296963,
          "std": 0.0016710221057562084
        }
      },
      "ratios": {
        "ap_vs_baseline": 2.1099027757295645,
        "ap_vs_rand_trained": 1.3989682914957693,
        "similar_vs_dissimilar": 0.4646121539585126
      },
      "domain_effect": {
        "similar_mean": 0.01645068230573088,
        "dissimilar_mean": 0.03540734387934208
      },
      "per_layer_cos": {
        "0": {
          "mean": 0.03496073242276907,
          "max": 0.11080797761678696
        },
        "1": {
          "mean": 0.029880048256988326,
          "max": 0.09764843434095383
        }
      },
      "amplification": {
        "ap_trained": {
          "mean_output_dev_pct": 0.0005700991023331881,
          "max_output_dev_pct": 0.0017162755830213428,
          "sum_layer_err_pct": "69.340866",
          "amplification_ratio": "8.22169e-06",
          "remove_idx": 3
        },
        "rand_trained": {
          "mean_output_dev_pct": 0.0005245371139608324,
          "max_output_dev_pct": 0.0019194565247744322,
          "sum_layer_err_pct": "69.24566",
          "amplification_ratio": "7.575018e-06",
          "remove_idx": 3
        },
        "shuffled_b": {
          "mean_output_dev_pct": 0.0005814125179313123,
          "max_output_dev_pct": 0.0017089617904275656,
          "sum_layer_err_pct": "83.354034",
          "amplification_ratio": "6.9752173e-06",
          "remove_idx": 3
        },
        "ap_vs_shuffled_ratio": "1.1787002"
      },
      "losses": {
        "0": 3.4658560752868652,
        "1": 3.465550184249878,
        "2": 3.464944362640381,
        "3": 3.4658045768737793,
        "50": 3.4655027389526367,
        "100": 3.4657320976257324
      }
    },
    {
      "seed": 777,
      "config": {
        "d": 64,
        "r": 8,
        "N": 6,
        "n_layers": 2,
        "d_ff": 256,
        "steps": 200,
        "lr": 0.01
      },
      "b_matrix_cosines": {
        "ap_trained": {
          "mean": 0.030870673557122547,
          "max": 0.09359616786241531,
          "std": 0.023734684125401074,
          "values": {
            "(0, 1)": 0.06266427785158157,
            "(0, 2)": 0.002287972252815962,
            "(0, 3)": 0.03278680145740509,
            "(0, 50)": 0.006851173471659422,
            "(0, 100)": 0.04804788902401924,
            "(1, 2)": 0.04515901207923889,
            "(1, 3)": 0.015819577500224113,
            "(1, 50)": 0.09359616786241531,
            "(1, 100)": 0.005235882475972176,
            "(2, 3)": 0.02277924306690693,
            "(2, 50)": 0.015660349279642105,
            "(2, 100)": 0.031574949622154236,
            "(3, 50)": 0.04079006612300873,
            "(3, 100)": 0.026535052806138992,
            "(50, 100)": 0.013271688483655453
          }
        },