{
  "experiment": "mixing_ratio_significance",
  "n_seeds": 20,
  "config": {
    "d": 64,
    "r": 8,
    "n_train": 1000,
    "n_eval": 500,
    "steps": 500
  },
  "k1": {
    "test": "Wilcoxon signed-rank (alpha=0.2 vs 0.0)",
    "mean_diff": -0.0008383571778503463,
    "std_diff": 0.014647510557247119,
    "n_positive": 8,
    "n_negative": 12,
    "wilcoxon_W": 89.0,
    "wilcoxon_p": 0.5705966949462891,
    "t_stat": -0.2559648114635769,
    "t_p": 0.8007287718186318,
    "bootstrap_ci_95": [
      -0.007118747202908148,
      0.005462550878924731
    ],
    "cohens_d": -0.05723547143729532,
    "verdict": "FAIL"
  },
  "k2": {
    "test": "Optimal alpha stability (std across 20 seeds)",
    "mean_optimal_alpha": 0.19749999999999998,
    "median_optimal_alpha": 0.175,
    "std_optimal_alpha": 0.1391716565971678,
    "range": [
      0.0,
      0.55
    ],
    "distribution": {
      "0.10": 3,
      "0.15": 3,
      "0.25": 3,
      "0.35": 2,
      "0.05": 2,
      "0.20": 2,
      "0.00": 2,
      "0.55": 1,
      "0.40": 1,
      "0.30": 1
    },
    "verdict": "PASS"
  },
  "sweep_summary": {
    "0.00": {
      "mean": 0.05721330696198107,
      "std": 0.012159670090636841,
      "ci95_lo": 0.05188409657628061,
      "ci95_hi": 0.06254251734768153,
      "diff_vs_0": 0.0
    },
    "0.05": {
      "mean": 0.057399167036536226,
      "std": 0.009788992935706632,
      "ci95_lo": 0.0531089517239772,
      "ci95_hi": 0.061689382349095254,
      "diff_vs_0": 0.0001858600745551553
    },
    "0.10": {
      "mean": 0.05666160584683897,
      "std": 0.011700346699624858,
      "ci95_lo": 0.051533702813026376,
      "ci95_hi": 0.061789508880651565,
      "diff_vs_0": -0.0005517011151420892
    },
    "0.15": {
      "mean": 0.056666233652820155,
      "std": 0.010668803236907172,
      "ci95_lo": 0.05199042447466649,
      "ci95_hi": 0.061342042830973824,
      "diff_vs_0": -0.0005470733091609114
    },
    "0.20": {
      "mean": 0.056374949784130726,
      "std": 0.008909117695793622,
      "ci95_lo": 0.05247035679781192,
      "ci95_hi": 0.06027954277044953,
      "diff_vs_0": -0.0008383571778503463
    },
    "0.25": {
      "mean": 0.059032748675516264,
      "std": 0.012476351368846388,
      "ci95_lo": 0.0535647466002213,
      "ci95_hi": 0.06450075075081123,
      "diff_vs_0": 0.0018194417135352138
    },
    "0.30": {
      "mean": 0.05355374994466953,
      "std": 0.009573756019376867,
      "ci95_lo": 0.049357866369841935,
      "ci95_hi": 0.05774963351949712,
      "diff_vs_0": -0.0036595570173115375
    },
    "0.35": {
      "mean": 0.052528005583407866,
      "std": 0.010563319335483115,
      "ci95_lo": 0.04789842676338095,
      "ci95_hi": 0.05715758440343478,
      "diff_vs_0": -0.004685301378573198
    },
    "0.40": {
      "mean": 0.05503982447362878,
      "std": 0.011634791420578484,
      "ci95_lo": 0.0499406523076216,
      "ci95_hi": 0.06013899663963597,
      "diff_vs_0": -0.0021734824883522796
    },
    "0.45": {
      "mean": 0.05101681402337147,
      "std": 0.00950557600245511,
      "ci95_lo": 0.04685081165844253,
      "ci95_hi": 0.055182816388300415,
      "diff_vs_0": -0.006196492938609593
    },
    "0.50": {
      "mean": 0.05437981170208957,
      "std": 0.010452538463927913,
      "ci95_lo": 0.04979878473970585,
      "ci95_hi": 0.058960838664473283,
      "diff_vs_0": -0.0028334952598914943
    },
    "0.55": {
      "mean": 0.051144862679277425,
      "std": 0.009664741710070986,
      "ci95_lo": 0.04690910286733295,
      "ci95_hi": 0.0553806224912219,
      "diff_vs_0": -0.0060684442827036444
    },
    "0.60": {
      "mean": 0.04812130595149623,
      "std": 0.00781595015097314,
      "ci95_lo": 0.0446958147656164,
      "ci95_hi": 0.05154679713737607,
      "diff_vs_0": -0.009092001010484829
    },
    "0.65": {
      "mean": 0.045806161670166,
      "std": 0.008667596122873907,
      "ci95_lo": 0.0420074201802431,
      "ci95_hi": 0.04960490316008889,
      "diff_vs_0": -0.011407145291815069
    },
    "0.70": {
      "mean": 0.04083228257918133,
      "std": 0.010473734260994816,
      "ci95_lo": 0.036241966149154155,
      "ci95_hi": 0.04542259900920851,
      "diff_vs_0": -0.01638102438279973
    },
    "0.75": {
      "mean": 0.04063270098635391,
      "std": 0.008591014702823455,
      "ci95_lo": 0.036867522783596084,
      "ci95_hi": 0.044397879189111734,
      "diff_vs_0": -0.016580605975627154
    },
    "0.80": {
      "mean": 0.04267498859471909,
      "std": 0.008849797324254593,
      "ci95_lo": 0.0387963939075098,
      "ci95_hi": 0.04655358328192838,
      "diff_vs_0": -0.014538318367261976
    },
    "0.85": {
      "mean": 0.03737805955308828,
      "std": 0.009992010794087847,
      "ci95_lo": 0.03299886774105983,
      "ci95_hi": 0.04175725136511673,
      "diff_vs_0": -0.01983524740889278
    },
    "0.90": {
      "mean": 0.034614142938535424,
      "std": 0.007792576504143874,
      "ci95_lo": 0.031198895705041283,
      "ci95_hi": 0.03802939017202957,
      "diff_vs_0": -0.02259916402344564
    },
    "0.95": {
      "mean": 0.030452631959889388,
      "std": 0.0048867470190416115,
      "ci95_lo": 0.028310920649298774,
      "ci95_hi": 0.032594343270480004,
      "diff_vs_0": -0.02676067500209168
    },
    "1.00": {
      "mean": 0.025993196706293863,
      "std": 0.008249407149540207,
      "ci95_lo": 0.022377734614846708,
      "ci95_hi": 0.02960865879774102,
      "diff_vs_0": -0.0312201102556872
    }
  },
  "significant_alphas": [],
  "per_seed_diffs_02": [
    0.0014525689371016615,
    -0.007257640980403379,
    -0.008523359695709276,
    0.01966997723998909,
    -0.0003845900728057794,
    0.0034630016318946133,
    -0.00041429580969876145,
    -0.0019470449869228856,
    0.0032488469492976124,
    0.03584693183590182,
    0.016673341546345033,
    -0.003308591881184819,
    -0.00322795061632275,
    0.010162010880650607,
    -0.033515464467564815,
    -0.005597892731273202,
    -0.01971593417212858,
    -0.012307298563322466,
    0.001725537068362759,
    -0.012809295669213405
  ],
  "per_seed_optimal_alpha": [
    0.35,
    0.55,
    0.1,
    0.05,
    0.15,
    0.25,
    0.4,
    0.1,
    0.05,
    0.2,
    0.35,
    0.25,
    0.15,
    0.2,
    0.0,
    0.15,
    0.0,
    0.1,
    0.25,
    0.3
  ],
  "verdict": "killed",
  "elapsed_s": 10.973991870880127
}