{
  "experiment": "ppl_probe_macro_composition",
  "base_ppl": 5.6256,
  "equal_weight_ppl": 3.5111,
  "ppl_probe_ppl": 3.5017,
  "top1_ppl": 2.9591,
  "top1_adapter": "medical",
  "weights": {
    "bash": 0.19929941117405708,
    "math": 0.20574866140802123,
    "medical": 0.20889050590714234,
    "python": 0.20869720804640793,
    "sql": 0.17736421346437142
  },
  "adapter_ppls": {
    "bash": 3.4372,
    "math": 3.098,
    "medical": 2.9591,
    "python": 2.9672,
    "sql": 5.7361
  },
  "improvement_pct": 0.27,
  "timestamp": "2026-03-19 16:03:12"
}