{
  "seed": 123,
  "n_embd": 256,
  "lora_rank": 8,
  "n_par_heads": 4,
  "pretrain_steps": 400,
  "adapt_steps": 400,
  "merge_every_par": 25,
  "merge_every_seq": 100,
  "expert_steps": 200,
  "n_experts": 4,
  "rank_capacity": {
    "parallel_rank_per_interval": 32,
    "sequential_rank_per_interval": 8,
    "rank_ratio": 4.0,
    "parallel_coverage_pct": 12.5,
    "sequential_coverage_pct": 3.125,
    "coverage_ratio": 4.0
  },
  "pretrained_loss": 0.6972807586193085,
  "parallel_loss": 0.6483090579509735,
  "sequential_loss": 0.6332111358642578,
  "continued_loss": 1.0257177114486695,
  "parallel_rank": 160.02043529745947,
  "sequential_rank": 160.24957112609633,
  "continued_rank": 150.22483300764623,
  "parallel_time": 3.327666997909546,
  "sequential_time": 3.3435041904449463,
  "continued_time": 3.9659440517425537,
  "parallel_mean_cos": 0.04162286485855778,
  "sequential_mean_cos": 0.013149726612027735,
  "continued_mean_cos": 0.1516923556725184,
  "parallel_max_cos": 0.09561681747436523,
  "sequential_max_cos": 0.03861892595887184,
  "continued_max_cos": 0.2358296811580658,
  "parallel_expert_losses": [
    0.5754173696041107,
    0.5941829323768616,
    0.5477170765399932,
    0.5648349046707153
  ],
  "sequential_expert_losses": [
    0.5745291113853455,
    0.588755464553833,
    0.5463922321796417,
    0.5641944944858551
  ],
  "continued_expert_losses": [
    0.6580926954746247,
    0.6589682638645172,
    0.5950974345207214,
    0.6406786203384399
  ],
  "parallel_mean_exp_loss": 0.5705380707979202,
  "sequential_mean_exp_loss": 0.5684678256511688,
  "continued_mean_exp_loss": 0.6382092535495758,
  "parallel_n_intervals": 4,
  "sequential_n_merges": 4,
  "par_base_ratio": 0.6320540736638972,
  "seq_base_ratio": 0.6173347001772315,
  "par_cos_ratio": 0.27438999594772634,
  "seq_cos_ratio": 0.08668681130069193,
  "par_loss_ratio": 0.8939670924917216,
  "seq_loss_ratio": 0.8907232580671439,
  "par_compute_ratio": 0.9952632951435637,
  "par_vs_seq_base": 1.023843424776611,
  "par_vs_seq_cos": 3.1653026776481465,
  "par_vs_seq_loss": 1.003641798273062,
  "par_vs_seq_rank": 0.9985701314079802,
  "k1_quality_diff_pct": 2.3843424776611055,
  "k2": "SURVIVES",
  "verdict": "INCONCLUSIVE"
}