{
  "seed": 7,
  "n_embd": 256,
  "lora_rank": 8,
  "n_par_heads": 4,
  "pretrain_steps": 400,
  "adapt_steps": 400,
  "merge_every_par": 25,
  "merge_every_seq": 100,
  "expert_steps": 200,
  "n_experts": 4,
  "rank_capacity": {
    "parallel_rank_per_interval": 32,
    "sequential_rank_per_interval": 8,
    "rank_ratio": 4.0,
    "parallel_coverage_pct": 12.5,
    "sequential_coverage_pct": 3.125,
    "coverage_ratio": 4.0
  },
  "pretrained_loss": 0.7566802620887756,
  "parallel_loss": 0.659952849149704,
  "sequential_loss": 0.6538626074790954,
  "continued_loss": 1.3174778699874878,
  "parallel_rank": 156.7383146441194,
  "sequential_rank": 156.87436941804387,
  "continued_rank": 151.56689400591335,
  "parallel_time": 3.4180591106414795,
  "sequential_time": 3.4300379753112793,
  "continued_time": 3.9470291137695312,
  "parallel_mean_cos": 0.04164181106413404,
  "sequential_mean_cos": 0.01809727170621045,
  "continued_mean_cos": 0.10100696794688702,
  "parallel_max_cos": 0.06264220178127289,
  "sequential_max_cos": 0.042802903801202774,
  "continued_max_cos": 0.18297886848449707,
  "parallel_expert_losses": [
    0.5793228328227997,
    0.5830872178077697,
    0.5539371490478515,
    0.5649682581424713
  ],
  "sequential_expert_losses": [
    0.5738100469112396,
    0.5789387047290802,
    0.5490788638591766,
    0.566285514831543
  ],
  "continued_expert_losses": [
    0.683003830909729,
    0.7383715510368347,
    0.6666736841201782,
    0.6886911988258362
  ],
  "parallel_mean_exp_loss": 0.5703288644552231,
  "sequential_mean_exp_loss": 0.5670282825827598,
  "continued_mean_exp_loss": 0.6941850662231446,
  "parallel_n_intervals": 4,
  "sequential_n_merges": 4,
  "par_base_ratio": 0.5009213924446948,
  "seq_base_ratio": 0.4962987404750934,
  "par_cos_ratio": 0.41226671694192907,
  "seq_cos_ratio": 0.1791685472189152,
  "par_loss_ratio": 0.8215804289155803,
  "seq_loss_ratio": 0.8168258151489429,
  "par_compute_ratio": 0.9965076582950341,
  "par_vs_seq_base": 1.0093142528719903,
  "par_vs_seq_cos": 2.3009993847604555,
  "par_vs_seq_loss": 1.0058208416984487,
  "par_vs_seq_rank": 0.9991327150864084,
  "k1_quality_diff_pct": 0.9314252871990281,
  "k2": "SURVIVES",
  "verdict": "INCONCLUSIVE"
}