{
  "seed": 42,
  "n_embd": 128,
  "lora_rank": 8,
  "n_par_heads": 4,
  "pretrain_steps": 100,
  "adapt_steps": 100,
  "merge_every_par": 25,
  "merge_every_seq": 50,
  "expert_steps": 50,
  "n_experts": 2,
  "rank_capacity": {
    "parallel_rank_per_interval": 32,
    "sequential_rank_per_interval": 8,
    "rank_ratio": 4.0,
    "parallel_coverage_pct": 25.0,
    "sequential_coverage_pct": 6.25,
    "coverage_ratio": 4.0
  },
  "pretrained_loss": 0.6497811555862427,
  "parallel_loss": 0.6129456460475922,
  "sequential_loss": 0.6050464153289795,
  "continued_loss": 0.6625158786773682,
  "parallel_rank": 93.71607378737612,
  "sequential_rank": 93.81561005038098,
  "continued_rank": 91.42179336497284,
  "parallel_time": 0.2281510829925537,
  "sequential_time": 0.2250378131866455,
  "continued_time": 0.31221508979797363,
  "parallel_mean_cos": 0.058355722576379776,
  "sequential_mean_cos": 0.10094568878412247,
  "continued_mean_cos": 0.10457946360111237,
  "parallel_max_cos": 0.058355722576379776,
  "sequential_max_cos": 0.10094568878412247,
  "continued_max_cos": 0.10457946360111237,
  "parallel_expert_losses": [
    0.5481953203678132,
    0.5607298016548157
  ],
  "sequential_expert_losses": [
    0.5449482500553131,
    0.5566245883703231
  ],
  "continued_expert_losses": [
    0.5846144795417786,
    0.5759013324975968
  ],
  "parallel_mean_exp_loss": 0.5544625610113144,
  "sequential_mean_exp_loss": 0.5507864192128181,
  "continued_mean_exp_loss": 0.5802579060196877,
  "parallel_n_intervals": 1,
  "sequential_n_merges": 2,
  "par_base_ratio": 0.9251788006505413,
  "seq_base_ratio": 0.9132557192983319,
  "par_cos_ratio": 0.5580036516385524,
  "seq_cos_ratio": 0.9652534571049711,
  "par_loss_ratio": 0.9555450348168911,
  "seq_loss_ratio": 0.9492096764178878,
  "par_compute_ratio": 1.013834429693432,
  "par_vs_seq_base": 1.0130555780804098,
  "par_vs_seq_cos": 0.5780902907166089,
  "par_vs_seq_loss": 1.0066743508359257,
  "par_vs_seq_rank": 0.9989390223764211,
  "k1_quality_diff_pct": 1.3055578080409802,
  "k2": "SURVIVES",
  "verdict": "PROVEN (parallel shows quality advantage at d=256)"
}