{
  "scale_results": [
    {
      "d": 64,
      "r": 8,
      "L": 24,
      "N": 8,
      "n_inputs": 300,
      "remove_idx": 4,
      "seed": 42,
      "mean_delta_cos": 0.010665873959234795,
      "median_delta_cos": 0.008467550229687402,
      "max_delta_cos": 0.0335048186465997,
      "mean_per_layer_error_pct": 0.8349417855727576,
      "sum_per_layer_error_pct": 20.038602853746177,
      "mean_output_dev_pct": 0.42070967202239745,
      "max_output_dev_pct": 0.7063104751223616,
      "median_output_dev_pct": 0.41566210720785757,
      "std_output_dev_pct": 0.047167307886235424,
      "amplification_ratio": 0.020994960331964792,
      "expert_signal_pct": 15.692923968091957,
      "elapsed_s": 0.3421807289123535,
      "label": "parent_baseline"
    },
    {
      "d": 64,
      "r": 8,
      "L": 24,
      "N": 8,
      "n_inputs": 300,
      "remove_idx": 4,
      "seed": 123,
      "mean_delta_cos": 0.013930590684938335,
      "median_delta_cos": 0.0095948284111105,
      "max_delta_cos": 0.04177922828917333,
      "mean_per_layer_error_pct": 0.7563430599852635,
      "sum_per_layer_error_pct": 18.152233439646324,
      "mean_output_dev_pct": 0.34056171415420994,
      "max_output_dev_pct": 0.509130073271891,
      "median_output_dev_pct": 0.3340446766487784,
      "std_output_dev_pct": 0.037797622060233065,
      "amplification_ratio": 0.018761422129487854,
      "expert_signal_pct": 14.030753573194152,
      "elapsed_s": 0.3382420539855957,
      "label": "parent_baseline"
    },
    {
      "d": 64,
      "r": 8,
      "L": 24,
      "N": 8,
      "n_inputs": 300,
      "remove_idx": 4,
      "seed": 777,
      "mean_delta_cos": 0.01358153843872574,
      "median_delta_cos": 0.009157185697761612,
      "max_delta_cos": 0.05108173609697417,
      "mean_per_layer_error_pct": 1.0062297624839411,
      "sum_per_layer_error_pct": 24.149514299614584,
      "mean_output_dev_pct": 0.6121866354632387,
      "max_output_dev_pct": 1.0535926329126077,
      "median_output_dev_pct": 0.596652843317006,
      "std_output_dev_pct": 0.10701870758573637,
      "amplification_ratio": 0.025349852914971834,
      "expert_signal_pct": 15.213332965109032,
      "elapsed_s": 0.338320255279541,
      "label": "parent_baseline"
    },
    {
      "d": 64,
      "r": 8,
      "L": 24,
      "N": 50,
      "n_inputs": 300,
      "remove_idx": 25,
      "seed": 42,
      "mean_delta_cos": 0.012155634005149242,
      "median_delta_cos": 0.009450879777714905,
      "max_delta_cos": 0.057971600944102246,
      "mean_per_layer_error_pct": 0.7967266462327679,
      "sum_per_layer_error_pct": 19.12143950958643,
      "mean_output_dev_pct": 0.5670091695359033,
      "max_output_dev_pct": 1.1644002464110585,
      "median_output_dev_pct": 0.5439431694328702,
      "std_output_dev_pct": 0.14615772551198733,
      "amplification_ratio": 0.029653058769536483,
      "expert_signal_pct": 5.400704681333521,
      "elapsed_s": 0.8512711524963379,
      "label": "N50_small_d"
    },
    {
      "d": 64,
      "r": 8,
      "L": 24,
      "N": 50,
      "n_inputs": 300,
      "remove_idx": 25,
      "seed": 123,
      "mean_delta_cos": 0.01278313334995819,
      "median_delta_cos": 0.011630689689909983,
      "max_delta_cos": 0.05114484925778847,
      "mean_per_layer_error_pct": 0.8548870818607662,
      "sum_per_layer_error_pct": 20.517289964658392,
      "mean_output_dev_pct": 0.4196450418040188,
      "max_output_dev_pct": 0.5098747531355905,
      "median_output_dev_pct": 0.41850137077083727,
      "std_output_dev_pct": 0.032185697508460814,
      "amplification_ratio": 0.02045323931800297,
      "expert_signal_pct": 6.62094932402494,
      "elapsed_s": 0.8536450862884521,
      "label": "N50_small_d"
    },
    {
      "d": 64,
      "r": 8,
      "L": 24,
      "N": 50,
      "n_inputs": 300,
      "remove_idx": 25,
      "seed": 777,
      "mean_delta_cos": 0.01134608183268206,
      "median_delta_cos": 0.009481033607752511,
      "max_delta_cos": 0.0393790927363743,
      "mean_per_layer_error_pct": 1.141974793079699,
      "sum_per_layer_error_pct": 27.407395033912778,
      "mean_output_dev_pct": 0.5066262687838957,
      "max_output_dev_pct": 0.6258901557861156,
      "median_output_dev_pct": 0.5056810857697138,
      "std_output_dev_pct": 0.04421341948751035,
      "amplification_ratio": 0.018485020855028993,
      "expert_signal_pct": 6.095434306055802,
      "elapsed_s": 0.8542308807373047,
      "label": "N50_small_d"
    },
    {
      "d": 128,
      "r": 8,
      "L": 24,
      "N": 50,
      "n_inputs": 200,
      "remove_idx": 25,
      "seed": 42,
      "mean_delta_cos": 0.006495478381983558,
      "median_delta_cos": 0.005457353839574682,
      "max_delta_cos": 0.02361997985395799,
      "mean_per_layer_error_pct": 0.32505830001389774,
      "sum_per_layer_error_pct": 7.801399200333544,
      "mean_output_dev_pct": 0.16557067682961496,
      "max_output_dev_pct": 0.2353483279769874,
      "median_output_dev_pct": 0.1635002768817566,
      "std_output_dev_pct": 0.016851196662367212,
      "amplification_ratio": 0.0212232027329836,
      "expert_signal_pct": 6.260490443508909,
      "elapsed_s": 13.475451231002808,
      "label": "N50_mid_d"
    },
    {
      "d": 128,
      "r": 8,
      "L": 24,
      "N": 50,
      "n_inputs": 200,
      "remove_idx": 25,
      "seed": 123,
      "mean_delta_cos": 0.00642141667685652,
      "median_delta_cos": 0.005783498249846482,
      "max_delta_cos": 0.023609043892111693,
      "mean_per_layer_error_pct": 0.30374299227683255,
      "sum_per_layer_error_pct": 7.289831814643981,
      "mean_output_dev_pct": 0.21421849095321924,
      "max_output_dev_pct": 0.3001267468352376,
      "median_output_dev_pct": 0.21262751923421452,
      "std_output_dev_pct": 0.029214786618303755,
      "amplification_ratio": 0.029385930485102855,
      "expert_signal_pct": 5.975289054993965,
      "elapsed_s": 13.842284679412842,
      "label": "N50_mid_d"
    },
    {
      "d": 128,
      "r": 8,
      "L": 24,
      "N": 50,
      "n_inputs": 200,
      "remove_idx": 25,
      "seed": 777,
      "mean_delta_cos": 0.0056283871958781595,
      "median_delta_cos": 0.004503533579732374,
      "max_delta_cos": 0.01997498386192945,
      "mean_per_layer_error_pct": 0.4305349298055942,
      "sum_per_layer_error_pct": 10.332838315334259,
      "mean_output_dev_pct": 0.2760103285138699,
      "max_output_dev_pct": 0.4128017334184323,
      "median_output_dev_pct": 0.27081614658101205,
      "std_output_dev_pct": 0.03670267250259201,
      "amplification_ratio": 0.02671195658837145,
      "expert_signal_pct": 5.4968970797468675,
      "elapsed_s": 15.53571105003357,
      "label": "N50_mid_d"
    },
    {
      "d": 256,
      "r": 8,
      "L": 24,
      "N": 50,
      "n_inputs": 200,
      "remove_idx": 25,
      "seed": 42,
      "mean_delta_cos": 0.003258888659588467,
      "median_delta_cos": 0.002679374229252406,
      "max_delta_cos": 0.010662916813828874,
      "mean_per_layer_error_pct": 0.21217397673593238,
      "sum_per_layer_error_pct": 5.092175441662377,
      "mean_output_dev_pct": 0.10324760996084581,
      "max_output_dev_pct": 0.12328118662941281,
      "median_output_dev_pct": 0.10291257631455585,
      "std_output_dev_pct": 0.006012624050806372,
      "amplification_ratio": 0.020275736989756953,
      "expert_signal_pct": 6.0810244474601305,
      "elapsed_s": 17.693010807037354,
      "label": "N50_target"
    },
    {
      "d": 256,
      "r": 8,
      "L": 24,
      "N": 50,
      "n_inputs": 200,
      "remove_idx": 25,
      "seed": 123,
      "mean_delta_cos": 0.0030641890825377025,
      "median_delta_cos": 0.002504100360976252,
      "max_delta_cos": 0.012040751471099726,
      "mean_per_layer_error_pct": 0.18125685775863776,
      "sum_per_layer_error_pct": 4.350164586207305,
      "mean_output_dev_pct": 0.0873238023730583,
      "max_output_dev_pct": 0.0961465645173106,