{
  "relora_final_loss": 0.5432902336120605,
  "conventional_final_loss": 0.5179417192935943,
  "relora_merges": 5,
  "relora_train_time": 9.033353090286255,
  "conventional_train_time": 6.819710969924927,
  "relora_mean_cos": 0.047012481528023876,
  "conventional_mean_cos": 0.024792313886185486,
  "relora_max_cos": 0.14853322505950928,
  "conventional_max_cos": 0.0317203663289547,
  "relora_cosines": [
    [
      0,
      1,
      0.004050686024129391
    ],
    [
      0,
      2,
      -0.020634107291698456
    ],
    [
      0,
      3,
      -0.00912488717585802
    ],
    [
      1,
      2,
      -0.01721525378525257
    ],
    [
      1,
      3,
      0.14853322505950928
    ],
    [
      2,
      3,
      0.08251672983169556
    ]
  ],
  "conventional_cosines": [
    [
      0,
      1,
      0.01641441136598587
    ],
    [
      0,
      2,
      0.0317203663289547
    ],
    [
      0,
      3,
      0.024717804044485092
    ],
    [
      1,
      2,
      0.027509935200214386
    ],
    [
      1,
      3,
      0.03033762238919735
    ],
    [
      2,
      3,
      0.018053743988275528
    ]
  ],
  "relora_expert_losses": [
    0.47710643112659457,
    0.47978238165378573,
    0.46672425270080564,
    0.47798762917518617
  ],
  "conventional_expert_losses": [
    0.4368451952934265,
    0.4531246930360794,
    0.43564492762088775,
    0.44496757686138155
  ],
  "relora_mean_expert_loss": 0.47540017366409304,
  "conventional_mean_expert_loss": 0.4426455982029438,
  "relora_effective_rank": 53.80067446754356,
  "conventional_effective_rank": 53.69542472870309,
  "cos_ratio": 1.8962522716495385,
  "loss_ratio": 1.0739972917253138,
  "kill_cos_violated": false,
  "kill_quality_violated": false,
  "kill_coherence_violated": false,
  "verdict": "SURVIVES"
}