{
  "relora_final_loss": 0.5400068879127502,
  "conventional_final_loss": 0.5162166833877564,
  "relora_merges": 5,
  "relora_train_time": 9.059645175933838,
  "conventional_train_time": 6.802795886993408,
  "relora_mean_cos": 0.06576974872344483,
  "conventional_mean_cos": 0.024915369227528572,
  "relora_max_cos": 0.14927804470062256,
  "conventional_max_cos": 0.046956151723861694,
  "relora_cosines": [
    [
      0,
      1,
      0.030518831685185432
    ],
    [
      0,
      2,
      0.0566275417804718
    ],
    [
      0,
      3,
      0.14927804470062256
    ],
    [
      1,
      2,
      0.10359052568674088
    ],
    [
      1,
      3,
      0.0029668339993804693
    ],
    [
      2,
      3,
      0.0516367144882679
    ]
  ],
  "conventional_cosines": [
    [
      0,
      1,
      0.011707021854817867
    ],
    [
      0,
      2,
      0.037828344851732254
    ],
    [
      0,
      3,
      0.011440305970609188
    ],
    [
      1,
      2,
      0.046956151723861694
    ],
    [
      1,
      3,
      0.022530268877744675
    ],
    [
      2,
      3,
      0.019030122086405754
    ]
  ],
  "relora_expert_losses": [
    0.4776406198740005,
    0.4585438668727875,
    0.4517412930727005,
    0.4656212329864502
  ],
  "conventional_expert_losses": [
    0.4545490354299545,
    0.44194752871990206,
    0.437405127286911,
    0.4472358822822571
  ],
  "relora_mean_expert_loss": 0.4633867532014847,
  "conventional_mean_expert_loss": 0.4452843934297562,
  "relora_effective_rank": 53.601812381096835,
  "conventional_effective_rank": 53.02367659894039,
  "cos_ratio": 2.6397260309567168,
  "loss_ratio": 1.0406534790772635,
  "kill_cos_violated": false,
  "kill_quality_violated": false,
  "kill_coherence_violated": false,
  "verdict": "INCONCLUSIVE"
}