{"0": {"mean_nll": 0.5650647288715193, "acceptance_rate": 0.9706888128969223, "n_tokens": 2047, "accepted": true}, "1": {"mean_nll": 0.6313507572056668, "acceptance_rate": 0.9765510503175379, "n_tokens": 2047, "accepted": true}, "2": {"mean_nll": 0.8442843185148998, "acceptance_rate": 0.9599413776257938, "n_tokens": 2047, "accepted": true}, "3": {"mean_nll": 0.48389411333659016, "acceptance_rate": 0.9819247679531021, "n_tokens": 2047, "accepted": true}, "4": {"mean_nll": 0.9083720078163166, "acceptance_rate": 0.966780654616512, "n_tokens": 2047, "accepted": true}, "5": {"mean_nll": 1.3584454113924052, "acceptance_rate": 0.9367088607594937, "n_tokens": 1580, "accepted": true}, "6": {"mean_nll": 0.5689423546653639, "acceptance_rate": 0.9780166096726918, "n_tokens": 2047, "accepted": true}, "7": {"mean_nll": 0.5287921348314607, "acceptance_rate": 0.979970688812897, "n_tokens": 2047, "accepted": true}, "8": {"mean_nll": 2.302561675622863, "acceptance_rate": 0.8764044943820225, "n_tokens": 2047, "accepted": true}, "9": {"mean_nll": 0.9334086468001954, "acceptance_rate": 0.9574987787005373, "n_tokens": 2047, "accepted": true}, "10": {"mean_nll": 0.9632083536883244, "acceptance_rate": 0.9623839765510503, "n_tokens": 2047, "accepted": true}, "11": {"mean_nll": 0.7612664875427455, "acceptance_rate": 0.9711773326819736, "n_tokens": 2047, "accepted": true}, "12": {"mean_nll": 0.48168050806057644, "acceptance_rate": 0.978505129457743, "n_tokens": 2047, "accepted": true}, "13": {"mean_nll": 0.7645372801660967, "acceptance_rate": 0.9672691744015632, "n_tokens": 2047, "accepted": true}, "14": {"mean_nll": 0.5359062042012701, "acceptance_rate": 0.9765510503175379, "n_tokens": 2047, "accepted": true}, "15": {"mean_nll": 0.6785310820713238, "acceptance_rate": 0.9702002931118711, "n_tokens": 2047, "accepted": true}, "16": {"mean_nll": 0.813324377137274, "acceptance_rate": 0.9633610161211529, "n_tokens": 2047, "accepted": true}, "17": {"mean_nll": 0.6394418661455789, "acceptance_rate": 0.97361993160723, "n_tokens": 2047, "accepted": true}, "18": {"mean_nll": 0.8774578651685393, "acceptance_rate": 0.9623839765510503, "n_tokens": 2047, "accepted": true}, "19": {"mean_nll": 0.8359184171958964, "acceptance_rate": 0.9589643380556913, "n_tokens": 2047, "accepted": true}}