{
  "n_seeds": 5,
  "elapsed_seconds": 13293.26303100586,
  "configs": {
    "d64": {
      "n_embd": 64,
      "n_head": 4,
      "base_steps": 300,
      "ft_steps": 300,
      "cal_steps": 100,
      "d_h": 16
    },
    "d128": {
      "n_embd": 128,
      "n_head": 4,
      "base_steps": 450,
      "ft_steps": 450,
      "cal_steps": 150,
      "d_h": 32
    },
    "d256": {
      "n_embd": 256,
      "n_head": 4,
      "base_steps": 600,
      "ft_steps": 600,
      "cal_steps": 200,
      "d_h": 64
    }
  },
  "dim_gaps": {
    "d64": {
      "d_h": 16,
      "state_size": 256,
      "pl_gap_mean": 0.6140286030336871,
      "pl_gap_median": 0.5763746701230698,
      "pl_gap_std": 1.162358815528389,
      "fa_gap_mean": 0.0010714352886188965,
      "fa_gap_median": 0.09722891404394259,
      "fa_gap_std": 1.3970616321975122,
      "pl_comp_mean": 0.5112496733665467,
      "fa_comp_mean": 0.5114076447486877,
      "pl_joint_mean": 0.5081436741352081,
      "fa_joint_mean": 0.5114291793107987,
      "pl_gaps": [
        -0.4369368403568349,
        1.6688967931165744,
        0.5763746701230698,
        1.8928569314992625,
        -0.6310485392136361
      ],
      "fa_gaps": [
        0.09722891404394259,
        -1.495442172792285,
        1.8708776794491775,
        0.7542629940084683,
        -1.2215702382662088
      ]
    },
    "d128": {
      "d_h": 32,
      "state_size": 1024,
      "pl_gap_mean": 1.302199510828782,
      "pl_gap_median": 1.43624517135063,
      "pl_gap_std": 0.9907912009186362,
      "fa_gap_mean": 3.100486945127145,
      "fa_gap_median": 3.1342627512396595,
      "fa_gap_std": 3.3042673962973788,
      "pl_comp_mean": 0.5042035534977913,
      "fa_comp_mean": 0.5822057348489762,
      "pl_joint_mean": 0.4977154016494751,
      "fa_joint_mean": 0.5650511211156846,
      "pl_gaps": [
        1.9864775462327862,
        1.43624517135063,
        0.2882598532642399,
        2.493912815481971,
        0.3061021678142828
      ],
      "fa_gaps": [
        0.46509215166206824,
        4.051661778495365,
        3.1342627512396595,
        8.076586583918173,
        -0.22516853967954029
      ]
    },
    "d256": {
      "d_h": 64,
      "state_size": 4096,
      "pl_gap_mean": 183.2790468935291,
      "pl_gap_median": 9.673089849754636,
      "pl_gap_std": 379.85475054985926,
      "fa_gap_mean": 128.18035410115613,
      "fa_gap_median": 90.33919269652945,
      "fa_gap_std": 130.3459013559654,
      "pl_comp_mean": 1.412842406630516,
      "fa_comp_mean": 1.7023908054828645,
      "pl_joint_mean": 0.5000506588816642,
      "fa_joint_mean": 0.8043771159648896,
      "pl_gaps": [
        9.673089849754636,
        1.3089110411887426,
        3.0455297319273735,
        862.2047014996543,
        40.163002345120525
      ],
      "fa_gaps": [
        307.27968967735825,
        -11.06966794753291,
        90.33919269652945,
        213.94927361688963,
        40.40328246253622
      ]
    }
  },
  "per_condition": {
    "d64_pure_linear": [
      {
        "gap_pct": -0.4369368403568349,
        "joint_avg": 0.51088837236166,
        "composed_avg": 0.5086561128497125,
        "single_avg": 0.4839791461825371,
        "d_h": 16,
        "state_size": 256
      },
      {
        "gap_pct": 1.6688967931165744,
        "joint_avg": 0.5109973266720772,
        "composed_avg": 0.5195253446698189,
        "single_avg": 0.49528743922710416,
        "d_h": 16,
        "state_size": 256
      },
      {
        "gap_pct": 0.5763746701230698,
        "joint_avg": 0.5043558940291405,
        "composed_avg": 0.5072628736495972,
        "single_avg": 0.4813306614756584,
        "d_h": 16,
        "state_size": 256
      },
      {
        "gap_pct": 1.8928569314992625,
        "joint_avg": 0.5043413504958153,
        "composed_avg": 0.5138878107070923,
        "single_avg": 0.48665462583303454,
        "d_h": 16,
        "state_size": 256
      },
      {
        "gap_pct": -0.6310485392136361,
        "joint_avg": 0.5101354271173477,
        "composed_avg": 0.5069162249565125,
        "single_avg": 0.4809311211109162,
        "d_h": 16,
        "state_size": 256
      }
    ],
    "d64_full_attn": [
      {
        "gap_pct": 0.09722891404394259,
        "joint_avg": 0.5102988228201866,
        "composed_avg": 0.5107949808239937,
        "single_avg": 0.4835731670260429,
        "d_h": 16,
        "state_size": 256
      },
      {
        "gap_pct": -1.495442172792285,
        "joint_avg": 0.5188888594508172,
        "composed_avg": 0.5111291766166688,
        "single_avg": 0.4852692916989326,
        "d_h": 16,
        "state_size": 256
      },
      {
        "gap_pct": 1.8708776794491775,
        "joint_avg": 0.5099130034446716,
        "composed_avg": 0.5194528520107269,
        "single_avg": 0.48938639611005785,
        "d_h": 16,
        "state_size": 256
      },
      {
        "gap_pct": 0.7542629940084683,
        "joint_avg": 0.5087545141577721,
        "composed_avg": 0.5125918611884117,
        "single_avg": 0.48709484934806824,
        "d_h": 16,
        "state_size": 256
      },
      {
        "gap_pct": -1.2215702382662088,
        "joint_avg": 0.5092906966805458,
        "composed_avg": 0.5030693531036377,
        "single_avg": 0.4755617111921311,
        "d_h": 16,
        "state_size": 256
      }
    ],
    "d128_pure_linear": [
      {
        "gap_pct": 1.9864775462327862,
        "joint_avg": 0.49669803529977796,
        "composed_avg": 0.5065648302435874,
        "single_avg": 0.47532278299331665,
        "d_h": 32,
        "state_size": 1024
      },
      {
        "gap_pct": 1.43624517135063,
        "joint_avg": 0.503480726480484,
        "composed_avg": 0.5107119441032411,
        "single_avg": 0.48064402192831035,
        "d_h": 32,
        "state_size": 1024
      },
      {
        "gap_pct": 0.2882598532642399,
        "joint_avg": 0.4925527423620224,
        "composed_avg": 0.49397257417440416,
        "single_avg": 0.4656455606222153,
        "d_h": 32,
        "state_size": 1024
      },
      {
        "gap_pct": 2.493912815481971,
        "joint_avg": 0.49705445021390915,
        "composed_avg": 0.5094505548477173,
        "single_avg": 0.47794923186302185,
        "d_h": 32,
        "state_size": 1024
      },
      {
        "gap_pct": 0.3061021678142828,
        "joint_avg": 0.49879105389118195,
        "composed_avg": 0.5003178641200066,
        "single_avg": 0.4727384313941002,
        "d_h": 32,
        "state_size": 1024
      }
    ],
    "d128_full_attn": [
      {
        "gap_pct": 0.46509215166206824,
        "joint_avg": 0.5907732486724854,
        "composed_avg": 0.5935208886861801,
        "single_avg": 0.5531115710735321,
        "d_h": 32,
        "state_size": 1024
      },
      {
        "gap_pct": 4.051661778495365,
        "joint_avg": 0.5495575964450836,
        "composed_avg": 0.5718238115310669,
        "single_avg": 0.5321437686681747,
        "d_h": 32,
        "state_size": 1024
      },
      {
        "gap_pct": 3.1342627512396595,
        "joint_avg": 0.582653784751892,
        "composed_avg": 0.6009156852960587,
        "single_avg": 0.5291672989726066,
        "d_h": 32,
        "state_size": 1024
      },
      {
        "gap_pct": 8.076586583918173,
        "joint_avg": 0.5418044716119766,
        "composed_avg": 0.5855637788772583,
        "single_avg": 0.5453129172325134,
        "d_h": 32,
        "state_size": 1024
      },
      {
        "gap_pct": -0.22516853967954029,
        "joint_avg": 0.560466504096985,
        "composed_avg": 0.5592045098543168,
        "single_avg": 0.5315928027033805,
        "d_h": 32,
        "state_size": 1024
      }
    ],
    "d256_pure_linear": [
      {
        "gap_pct": 9.673089849754636,
        "joint_avg": 0.5029691815376282,
        "composed_avg": 0.5516218423843384,
        "single_avg": 0.48547945767641065,
        "d_h": 64,
        "state_size": 4096
      },
      {
        "gap_pct": 1.3089110411887426,