{
  "config": {
    "n_values": [
      100,
      500,
      1000
    ],
    "embed_dim": 64,
    "n_clusters": 5,
    "specialization_strength": 0.8,
    "n_seeds": 3,
    "n_test_queries": 2000,
    "n_latency_iters": 5000
  },
  "aggregated": {
    "100": {
      "premerge": {
        "latency_mean_us": 0.058196092140860856,
        "latency_std_us": 0.0026963813553454678,
        "latency_p99_us": 0.08333969162777073,
        "batch_per_query_us": 0.0,
        "quality_capture_mean": 0.20741945213943336,
        "quality_capture_std": 0.0008883639160351422,
        "quality_lift_mean": 2.969286369383687e-05,
        "quality_lift_std": 9.231613132212809e-05,
        "domain_accuracy_mean": 0.0,
        "domain_accuracy_std": 0.0,
        "oracle_agreement_mean": 0.0,
        "oracle_agreement_std": 0.0
      },
      "hash_ring": {
        "latency_mean_us": 1.1086239406722598,
        "latency_std_us": 0.09454032930684476,
        "latency_p99_us": 2.624998160172254,
        "batch_per_query_us": 1.041569332301151,
        "quality_capture_mean": 0.2079620558564895,
        "quality_capture_std": 0.006256621778798246,
        "quality_lift_mean": 0.0007211499719080994,
        "quality_lift_std": 0.006876488684908876,
        "domain_accuracy_mean": 0.09700000000000002,
        "domain_accuracy_std": 0.007222649560006817,
        "oracle_agreement_mean": 0.010333333333333333,
        "oracle_agreement_std": 0.0006236095644623235
      },
      "embedding_sim": {
        "latency_mean_us": 4.253424327180255,
        "latency_std_us": 0.012579853020698237,
        "latency_p99_us": 4.402664975107958,
        "batch_per_query_us": 0.23281932953977957,
        "quality_capture_mean": 0.1886937278631872,
        "quality_capture_std": 0.04323658068001377,
        "quality_lift_mean": -0.02364683374050149,
        "quality_lift_std": 0.055512301227590516,
        "domain_accuracy_mean": 0.07200000000000001,
        "domain_accuracy_std": 0.033595634637057635,
        "oracle_agreement_mean": 0.008166666666666668,
        "oracle_agreement_std": 0.011549410759380275
      },
      "tiny_classifier": {
        "latency_mean_us": 4.353037495457102,
        "latency_std_us": 0.016208572020893455,
        "latency_p99_us": 4.5000027360705035,
        "batch_per_query_us": 0.22002800202850872,
        "quality_capture_mean": 0.21884065822185805,
        "quality_capture_std": 0.04386193093439122,
        "quality_lift_mean": 0.01438374603326469,
        "quality_lift_std": 0.05632459015703406,
        "domain_accuracy_mean": 0.09766666666666667,
        "domain_accuracy_std": 0.05566916162073536,
        "oracle_agreement_mean": 0.09766666666666667,
        "oracle_agreement_std": 0.05566916162073536
      },
      "hierarchical": {
        "latency_mean_us": 5.244659450060378,
        "latency_std_us": 0.024603123625548062,
        "latency_p99_us": 5.527666265455385,
        "batch_per_query_us": 5.219124999712221,
        "quality_capture_mean": 0.1896802143348902,
        "quality_capture_std": 0.011273178874173099,
        "quality_lift_mean": -0.02233857299457893,
        "quality_lift_std": 0.013234652095907268,
        "domain_accuracy_mean": 0.08366666666666667,
        "domain_accuracy_std": 0.007145317036742006,
        "oracle_agreement_mean": 0.007833333333333333,
        "oracle_agreement_std": 0.0031180478223116178
      },
      "faiss_ann": {
        "latency_mean_us": 5.604581167669191,
        "latency_std_us": 0.052397663278955994,
        "latency_p99_us": 5.847335463234534,
        "batch_per_query_us": 1.1189856692605342,
        "quality_capture_mean": 0.194115795034163,
        "quality_capture_std": 0.04590741448886262,
        "quality_lift_mean": -0.016804443396791584,
        "quality_lift_std": 0.058805177973116025,
        "domain_accuracy_mean": 0.07766666666666668,
        "domain_accuracy_std": 0.034120700787384516,
        "oracle_agreement_mean": 0.008166666666666668,
        "oracle_agreement_std": 0.011549410759380275
      }
    },
    "500": {
      "premerge": {
        "latency_mean_us": 0.05611157976090908,
        "latency_std_us": 0.0038451716791313207,
        "latency_p99_us": 0.08333639319365223,
        "batch_per_query_us": 0.0,
        "quality_capture_mean": 0.16191705316549723,
        "quality_capture_std": 0.00036882766578775166,
        "quality_lift_mean": 1.2962729806697953e-05,
        "quality_lift_std": 4.864919440932192e-05,
        "domain_accuracy_mean": 0.0,
        "domain_accuracy_std": 0.0,
        "oracle_agreement_mean": 0.0,
        "oracle_agreement_std": 0.0
      },
      "hash_ring": {
        "latency_mean_us": 1.2323460216672781,
        "latency_std_us": 0.12038158954205032,
        "latency_p99_us": 2.8056674636900425,
        "batch_per_query_us": 1.14200033567613,
        "quality_capture_mean": 0.16374424256468434,
        "quality_capture_std": 0.001387115594660493,
        "quality_lift_mean": 0.002193138830461859,
        "quality_lift_std": 0.0015941714780291025,
        "domain_accuracy_mean": 0.020166666666666666,
        "domain_accuracy_std": 0.0016996731711975948,
        "oracle_agreement_mean": 0.0016666666666666668,
        "oracle_agreement_std": 0.00023570226039551585
      },
      "embedding_sim": {
        "latency_mean_us": 6.793341478138852,
        "latency_std_us": 0.04566232295146529,
        "latency_p99_us": 7.0136747672222555,
        "batch_per_query_us": 0.6050560017077563,
        "quality_capture_mean": 0.157460304350125,
        "quality_capture_std": 0.017538770718308314,
        "quality_lift_mean": -0.0052977842866907925,
        "quality_lift_std": 0.02058936167570821,
        "domain_accuracy_mean": 0.034333333333333334,
        "domain_accuracy_std": 0.017418062145051868,
        "oracle_agreement_mean": 0.0013333333333333333,
        "oracle_agreement_std": 0.0010274023338281628
      },
      "tiny_classifier": {
        "latency_mean_us": 8.396619762061164,
        "latency_std_us": 0.0010581444836404454,
        "latency_p99_us": 8.555332897230983,
        "batch_per_query_us": 0.8733473344667194,
        "quality_capture_mean": 0.17768368226151746,
        "quality_capture_std": 0.018502943432521755,
        "quality_lift_mean": 0.018821517726498444,
        "quality_lift_std": 0.02224632572241112,
        "domain_accuracy_mean": 0.02,
        "domain_accuracy_std": 0.016718253497300488,
        "oracle_agreement_mean": 0.014833333333333332,
        "oracle_agreement_std": 0.013040535094679036
      },
      "hierarchical": {
        "latency_mean_us": 5.433064630778972,
        "latency_std_us": 0.04513187297209299,
        "latency_p99_us": 5.944665948239465,
        "batch_per_query_us": 5.355152665288188,
        "quality_capture_mean": 0.14280157163708032,
        "quality_capture_std": 0.0028239707407085616,
        "quality_lift_mean": -0.022796908899048327,
        "quality_lift_std": 0.0037955869376177795,
        "domain_accuracy_mean": 0.013666666666666667,
        "domain_accuracy_std": 0.0006236095644623241,
        "oracle_agreement_mean": 0.0015000000000000002,
        "oracle_agreement_std": 0.000816496580927726
      },
      "faiss_ann": {
        "latency_mean_us": 6.673470986910009,
        "latency_std_us": 0.041522429709936845,
        "latency_p99_us": 7.305662948056124,
        "batch_per_query_us": 1.9745830019625525,
        "quality_capture_mean": 0.15312571880091685,
        "quality_capture_std": 0.01164473659004557,
        "quality_lift_mean": -0.01047305963099471,
        "quality_lift_std": 0.013620309941303825,
        "domain_accuracy_mean": 0.03283333333333333,
        "domain_accuracy_std": 0.015739193823770717,
        "oracle_agreement_mean": 0.0016666666666666668,
        "oracle_agreement_std": 0.0014337208778404378
      }
    },
    "1000": {
      "premerge": {
        "latency_mean_us": 0.058955321340666465,
        "latency_std_us": 0.00011267636581966368,