{
  "analytical": {
    "ffn_total_params": 30277632,
    "attn_total_params": 10092544,
    "all_total_params": 40370176,
    "ffn_delta_dim": 5703204864,
    "attn_delta_dim": 822083584,
    "all_delta_dim": 6525288448,
    "ffn_ratio": 0.8740157480314961,
    "ffn_expected_cos": 1.0565269399742057e-05,
    "all_expected_cos": 9.877344570187494e-06,
    "ffn_nmax": 22278144,
    "all_nmax": 25489408,
    "params_ratio": 1.3333333333333333
  },
  "monte_carlo": {
    "ffn_mean": 0.005905202288349633,
    "all_mean": 0.005086165542718378,
    "ffn_std": 0.004322870010147246,
    "all_std": 0.0036310163242206156,
    "n_comparisons": 150,
    "ffn_dim": 24576,
    "all_dim": 32768
  },
  "real_adapters": {
    "domains": [
      "bash",
      "math",
      "medical",
      "python",
      "sql"
    ],
    "ffn_cosines": [
      0.002588073257356882,
      -0.0001319233706453815,
      0.002840332919731736,
      -0.001878806040622294,
      0.5898911952972412,
      0.0015202115755528212,
      -0.0023517031222581863,
      0.0016028251266106963,
      -0.0019851387478411198,
      0.00020915508503094316
    ],
    "attn_cosines": [
      -0.0009179228218272328,
      -0.00019083215738646686,
      0.0003908782673534006,
      0.00027090540970675647,
      0.8501785397529602,
      0.0007009803084656596,
      7.218650716822594e-05,
      0.0004760482697747648,
      9.963744378183037e-05,
      -5.825506741530262e-05
    ],
    "full_cosines": [
      0.0009236172190867364,
      -0.00015759321104269475,
      0.0016672781202942133,
      -0.0008675814024172723,
      0.7028598189353943,
      0.0011301864869892597,
      -0.0012183388462290168,
      0.001100074965506792,
      -0.0010763041209429502,
      8.298840839415789e-05
    ],
    "ffn_mean_abs_cos": 0.060499936454289124,
    "attn_mean_abs_cos": 0.08533561860058399,
    "full_mean_abs_cos": 0.07110837817162974,
    "ffn_more_orthogonal": true,
    "attn_more_similar": true
  },
  "kill_quality": false,
  "kill_orthogonality": false,
  "overall_kill": false,
  "elapsed_seconds": 1.9292018413543701
}