{
  "model": "Qwen/Qwen2.5-0.5B",
  "n_experts": 20,
  "virtual_nodes": 150,
  "lora_rank": 16,
  "displacement": {
    "actual_pct": 5.343,
    "expected_pct": 4.761904761904762,
    "ratio": 1.12203
  },
  "load_balance": {
    "max_imbalance_pct": 10.620000000000001,
    "min_count": 4469,
    "max_count": 5522
  },
  "routing_quality": {
    "hash_top2_loss": 3.091070091724396,
    "uniform_avg_loss": 3.152216875553131,
    "base_loss": 3.1600910902023314,
    "best_single_loss": 2.947018623352051,
    "hash_vs_base_pct": -2.184145852375297,
    "hash_vs_uniform_pct": -1.9398025657103788
  },
  "elapsed_s": 231.80235409736633
}